Cancer,Method,n_subsamples,n_pairs,normalized_RBO20,Jaccard,Route weights,QP weights,QP source,Stability estimand,Sampling
LUAD,MKG,30,435,0.3134035219745406,0.2116623685452697,"{""cnv"": 1.0, ""coexpr"": 0.0, ""meth"": 0.0}","[0.4953797193873208, 0.5046202806126792]",deterministically recomputed from full development cohort,conditional fused ranking after route/hyperparameter lock,30 x 80% without replacement
LUAD,Uni-Cox,30,435,0.3814758239119761,0.2618422642250109,"{""cnv"": 1.0, ""coexpr"": 0.0, ""meth"": 0.0}","[0.4953797193873208, 0.5046202806126792]",deterministically recomputed from full development cohort,method ranking under locked hyperparameters,30 x 80% without replacement
LUAD,Cox-Lasso,30,435,0.1609981705894679,0.1401768029544963,"{""cnv"": 1.0, ""coexpr"": 0.0, ""meth"": 0.0}","[0.4953797193873208, 0.5046202806126792]",deterministically recomputed from full development cohort,method ranking under locked hyperparameters,30 x 80% without replacement
LUAD,Cox-EN,30,435,0.2246760512530898,0.1903720130139221,"{""cnv"": 1.0, ""coexpr"": 0.0, ""meth"": 0.0}","[0.4953797193873208, 0.5046202806126792]",deterministically recomputed from full development cohort,method ranking under locked hyperparameters,30 x 80% without replacement
LUAD,CGBoost,30,435,0.2207912476528782,0.1865854856033141,"{""cnv"": 1.0, ""coexpr"": 0.0, ""meth"": 0.0}","[0.4953797193873208, 0.5046202806126792]",deterministically recomputed from full development cohort,method ranking under locked hyperparameters,30 x 80% without replacement
LUAD,RSF,30,435,0.1003659879489567,0.0908542092540825,"{""cnv"": 1.0, ""coexpr"": 0.0, ""meth"": 0.0}","[0.4953797193873208, 0.5046202806126792]",deterministically recomputed from full development cohort,method ranking under locked hyperparameters,30 x 80% without replacement
LIHC,MKG,30,435,0.2332206681474401,0.1967631157396294,"{""cnv"": 0.0, ""coexpr"": 1.0, ""meth"": 0.0}","[0.49499187722884036, 0.5050081227711596]",deterministically recomputed from full development cohort,conditional fused ranking after route/hyperparameter lock,30 x 80% without replacement
LIHC,Uni-Cox,30,435,0.2221085509999356,0.2180629402884644,"{""cnv"": 0.0, ""coexpr"": 1.0, ""meth"": 0.0}","[0.49499187722884036, 0.5050081227711596]",deterministically recomputed from full development cohort,method ranking under locked hyperparameters,30 x 80% without replacement
LIHC,Cox-Lasso,30,435,0.123745439438923,0.1138182487872718,"{""cnv"": 0.0, ""coexpr"": 1.0, ""meth"": 0.0}","[0.49499187722884036, 0.5050081227711596]",deterministically recomputed from full development cohort,method ranking under locked hyperparameters,30 x 80% without replacement
LIHC,Cox-EN,30,435,0.1646036909962888,0.1521537505770072,"{""cnv"": 0.0, ""coexpr"": 1.0, ""meth"": 0.0}","[0.49499187722884036, 0.5050081227711596]",deterministically recomputed from full development cohort,method ranking under locked hyperparameters,30 x 80% without replacement
LIHC,CGBoost,30,435,0.1860060464992555,0.1589230457479142,"{""cnv"": 0.0, ""coexpr"": 1.0, ""meth"": 0.0}","[0.49499187722884036, 0.5050081227711596]",deterministically recomputed from full development cohort,method ranking under locked hyperparameters,30 x 80% without replacement
LIHC,RSF,30,435,0.1100334403635268,0.0901985832860179,"{""cnv"": 0.0, ""coexpr"": 1.0, ""meth"": 0.0}","[0.49499187722884036, 0.5050081227711596]",deterministically recomputed from full development cohort,method ranking under locked hyperparameters,30 x 80% without replacement
KIRC,MKG,30,435,0.2491742118597495,0.1836235131361573,"{""cnv"": 0.0, ""coexpr"": 1.0, ""meth"": 0.0}","[0.49130597461124975, 0.5086940253887503]",deterministically recomputed from full development cohort,conditional fused ranking after route/hyperparameter lock,30 x 80% without replacement
KIRC,Uni-Cox,30,435,0.3339724343117922,0.2921734631591777,"{""cnv"": 0.0, ""coexpr"": 1.0, ""meth"": 0.0}","[0.49130597461124975, 0.5086940253887503]",deterministically recomputed from full development cohort,method ranking under locked hyperparameters,30 x 80% without replacement
KIRC,Cox-Lasso,30,435,0.1830722657461378,0.1266479485501653,"{""cnv"": 0.0, ""coexpr"": 1.0, ""meth"": 0.0}","[0.49130597461124975, 0.5086940253887503]",deterministically recomputed from full development cohort,method ranking under locked hyperparameters,30 x 80% without replacement
KIRC,Cox-EN,30,435,0.2887989799363913,0.1797940810074857,"{""cnv"": 0.0, ""coexpr"": 1.0, ""meth"": 0.0}","[0.49130597461124975, 0.5086940253887503]",deterministically recomputed from full development cohort,method ranking under locked hyperparameters,30 x 80% without replacement
KIRC,CGBoost,30,435,0.2611959233186883,0.2044067474633759,"{""cnv"": 0.0, ""coexpr"": 1.0, ""meth"": 0.0}","[0.49130597461124975, 0.5086940253887503]",deterministically recomputed from full development cohort,method ranking under locked hyperparameters,30 x 80% without replacement
KIRC,RSF,30,435,0.0754077658009946,0.0832970439621448,"{""cnv"": 0.0, ""coexpr"": 1.0, ""meth"": 0.0}","[0.49130597461124975, 0.5086940253887503]",deterministically recomputed from full development cohort,method ranking under locked hyperparameters,30 x 80% without replacement
COAD,MKG,30,435,0.1735525871909229,0.1459157561720781,"{""cnv"": 0.1658372552927882, ""coexpr"": 0.0, ""meth"": 0.8341627447072119}","[0.4990898518475916, 0.5009101481524084]",deterministically recomputed from full development cohort,conditional fused ranking after route/hyperparameter lock,30 x 80% without replacement
COAD,Uni-Cox,30,435,0.2887514389736516,0.18828960044893,"{""cnv"": 0.1658372552927882, ""coexpr"": 0.0, ""meth"": 0.8341627447072119}","[0.4990898518475916, 0.5009101481524084]",deterministically recomputed from full development cohort,method ranking under locked hyperparameters,30 x 80% without replacement
COAD,Cox-Lasso,30,435,0.1189848737757791,0.1067492315282257,"{""cnv"": 0.1658372552927882, ""coexpr"": 0.0, ""meth"": 0.8341627447072119}","[0.4990898518475916, 0.5009101481524084]",deterministically recomputed from full development cohort,method ranking under locked hyperparameters,30 x 80% without replacement
COAD,Cox-EN,30,435,0.2005312032088294,0.1407594901101618,"{""cnv"": 0.1658372552927882, ""coexpr"": 0.0, ""meth"": 0.8341627447072119}","[0.4990898518475916, 0.5009101481524084]",deterministically recomputed from full development cohort,method ranking under locked hyperparameters,30 x 80% without replacement
COAD,CGBoost,30,435,0.1885442115397641,0.1682768675026837,"{""cnv"": 0.1658372552927882, ""coexpr"": 0.0, ""meth"": 0.8341627447072119}","[0.4990898518475916, 0.5009101481524084]",deterministically recomputed from full development cohort,method ranking under locked hyperparameters,30 x 80% without replacement
COAD,RSF,30,435,0.0599448885783396,0.0646027388847929,"{""cnv"": 0.1658372552927882, ""coexpr"": 0.0, ""meth"": 0.8341627447072119}","[0.4990898518475916, 0.5009101481524084]",deterministically recomputed from full development cohort,method ranking under locked hyperparameters,30 x 80% without replacement
STAD,MKG,30,435,0.1826109169222513,0.1461412486674473,"{""cnv"": 0.0, ""coexpr"": 0.0, ""meth"": 0.0}","[0.5026600026922114, 0.4973399973077885]",deterministically recomputed from full development cohort,conditional fused ranking after route/hyperparameter lock,30 x 80% without replacement
STAD,Uni-Cox,30,435,0.2190837902692684,0.1553616506080027,"{""cnv"": 0.0, ""coexpr"": 0.0, ""meth"": 0.0}","[0.5026600026922114, 0.4973399973077885]",deterministically recomputed from full development cohort,method ranking under locked hyperparameters,30 x 80% without replacement
STAD,Cox-Lasso,30,435,0.1390742633773261,0.0981072511767091,"{""cnv"": 0.0, ""coexpr"": 0.0, ""meth"": 0.0}","[0.5026600026922114, 0.4973399973077885]",deterministically recomputed from full development cohort,method ranking under locked hyperparameters,30 x 80% without replacement
STAD,Cox-EN,30,435,0.2223682016679989,0.1386001188408059,"{""cnv"": 0.0, ""coexpr"": 0.0, ""meth"": 0.0}","[0.5026600026922114, 0.4973399973077885]",deterministically recomputed from full development cohort,method ranking under locked hyperparameters,30 x 80% without replacement
STAD,CGBoost,30,435,0.1697452522954965,0.1553847209773815,"{""cnv"": 0.0, ""coexpr"": 0.0, ""meth"": 0.0}","[0.5026600026922114, 0.4973399973077885]",deterministically recomputed from full development cohort,method ranking under locked hyperparameters,30 x 80% without replacement
STAD,RSF,30,435,0.0639812196819216,0.0591623667743677,"{""cnv"": 0.0, ""coexpr"": 0.0, ""meth"": 0.0}","[0.5026600026922114, 0.4973399973077885]",deterministically recomputed from full development cohort,method ranking under locked hyperparameters,30 x 80% without replacement
HNSC,MKG,30,435,0.3435615583047003,0.2348408403437519,"{""cnv"": 0.0, ""coexpr"": 0.0, ""meth"": 1.0}","[0.49035587114979695, 0.509644128850203]",deterministically recomputed from full development cohort,conditional fused ranking after route/hyperparameter lock,30 x 80% without replacement
HNSC,Uni-Cox,30,435,0.2295420223096538,0.2380253298701468,"{""cnv"": 0.0, ""coexpr"": 0.0, ""meth"": 1.0}","[0.49035587114979695, 0.509644128850203]",deterministically recomputed from full development cohort,method ranking under locked hyperparameters,30 x 80% without replacement
HNSC,Cox-Lasso,30,435,0.101789640447889,0.0859032380492413,"{""cnv"": 0.0, ""coexpr"": 0.0, ""meth"": 1.0}","[0.49035587114979695, 0.509644128850203]",deterministically recomputed from full development cohort,method ranking under locked hyperparameters,30 x 80% without replacement
HNSC,Cox-EN,30,435,0.1820614632170817,0.1281446166631632,"{""cnv"": 0.0, ""coexpr"": 0.0, ""meth"": 1.0}","[0.49035587114979695, 0.509644128850203]",deterministically recomputed from full development cohort,method ranking under locked hyperparameters,30 x 80% without replacement
HNSC,CGBoost,30,435,0.2598224968254213,0.2141812988434318,"{""cnv"": 0.0, ""coexpr"": 0.0, ""meth"": 1.0}","[0.49035587114979695, 0.509644128850203]",deterministically recomputed from full development cohort,method ranking under locked hyperparameters,30 x 80% without replacement
HNSC,RSF,30,435,0.1593612614896548,0.1142333689524066,"{""cnv"": 0.0, ""coexpr"": 0.0, ""meth"": 1.0}","[0.49035587114979695, 0.509644128850203]",deterministically recomputed from full development cohort,method ranking under locked hyperparameters,30 x 80% without replacement
