Cancer,Repeat,Seed,Method,Status,Error,Subsample n,Event n,Top20 indices,Top20 genes,Elapsed sec
COAD,1,42,MKG,ok,,216,54,5234;3126;6678;2885;4939;4067;5649;4399;1905;5643;7113;3220;961;571;1372;3347;4927;6028;4097;6441,PANX2;GPR156;SLC46A2;GABRD;NKAIN4;KNDC1;PPFIA4;LY6K;CYP2E1;PPARGC1A;TAS2R20;GRM6;C5orf46;ATP6V1B1;CDH8;HEYL;NHLRC4;RFPL4B;KRT4;SGCG,61.695584535598755
COAD,1,42,Uni-Cox,ok,,216,54,1221;7201;6678;4939;4493;3126;354;7757;1767;1887;3933;1368;1372;7068;4399;4974;6701;5234;3990;6791,CCKBR;TFAP2B;SLC46A2;NKAIN4;MBL1P;GPR156;ANKRD24;VAX2;CRHR1;CYP19A1;KHDC1L;CDH4;CDH8;SYNPO2L;LY6K;NOG;SLC6A1;PANX2;KIF7;SNCB,0.05759382247924805
COAD,1,42,Cox-Lasso,ok,,216,54,1417;1278;4927;783;6261;6465;1444;7268;3290;525;2076;5122;6729;2260;4067;918;6508;2242;4642;490,CECR6;CD1B;NHLRC4;C12orf56;SACS;SH3GL2;CERK;TLE6;HAR1A;ASPHD1;DMC1;OC90;SLC8A3;EFR3B;KNDC1;C2orf16;SIM2;EEPD1;MPL;ARMC3,0.633636474609375
COAD,1,42,Cox-EN,ok,,216,54,783;1417;1278;3290;6261;525;4927;2059;1444;490;1768;4409;5969;4067;3122;7834;3126;2260;4493;5589,C12orf56;CECR6;CD1B;HAR1A;SACS;ASPHD1;NHLRC4;DLGAP1;CERK;ARMC3;CRHR2;LYPD2;RBM24;KNDC1;GPR150;WFDC2;GPR156;EFR3B;MBL1P;PNLDC1,1.0348334312438965
COAD,1,42,CGBoost,ok,,216,54,355;3291;1279;4940;8188;6702;4068;6679;5644;3127;3574;5875;4098;4162;1418;6771;4494;2960;6262;1369,ANKRD26;HAR1B;CD1C;NKAPL;ZNF93;SLC6A10P;KNG1;SLC46A3;PPARGC1B;GPR157;IDH2;QRFPR;KRT40;LCNL1;CECR7;SMCHD1;MBOAT1;GDF5;SALL1;CDH5,19.829435348510742
COAD,1,42,RSF,ok,,216,54,7113;354;1905;1768;5874;209;4493;6951;2697;1368;4161;4067;6642;525;6163;6712;2263;3675;407;6234,TAS2R20;ANKRD24;CYP2E1;CRHR2;QRFP;AGAP7;MBL1P;SSPO;FGF12;CDH4;LCN8;KNDC1;SLC30A3;ASPHD1;RPH3A;SLC6A3;EGFL7;IL20RB;APC2;RYR2,3.8077609539031982
COAD,2,43,MKG,ok,,216,56,4874;3896;3126;4939;7637;5234;4067;886;4301;407;5752;354;3973;2288;5649;5643;7031;4399;3400;2154,NECAB2;KCNMB3;GPR156;NKAIN4;TUBA8;PANX2;KNDC1;C1orf61;LPPR3;APC2;PRR4;ANKRD24;KIF13B;ELFN1;PPFIA4;PPARGC1A;SULT1B1;LY6K;HIST1H4H;DPY19L2P4,63.43130683898926
COAD,2,43,Uni-Cox,ok,,216,56,6642;1767;4493;4824;7201;4939;108;4874;6660;3896;407;7196;6712;1577;3427;3126;4301;571;1221;7637,SLC30A3;CRHR1;MBL1P;NAT1;TFAP2B;NKAIN4;ACTN2;NECAB2;SLC38A8;KCNMB3;APC2;TEX15;SLC6A3;CLEC18C;HMX2;GPR156;LPPR3;ATP6V1B1;CCKBR;TUBA8,0.04352879524230957
COAD,2,43,Cox-Lasso,ok,,216,56,1277;4493;6729;7916;3004;5065;5688;5589;4067;7240;5122;6853;1738;783;4927;4786;5043;1153;6701;5,CD1A;MBL1P;SLC8A3;ZDHHC19;GJA3;NRXN3;PRCD;PNLDC1;KNDC1;THRB;OC90;SOX7;CPNE4;C12orf56;NHLRC4;MYO7A;NR5A2;CCDC108;SLC6A1;AADAC,0.5009195804595947
COAD,2,43,Cox-EN,ok,,216,56,1277;4493;7916;783;5589;3004;7921;5122;5043;5688;490;7211;6712;5149;4927;5328;935;6729;3427;4067,CD1A;MBL1P;ZDHHC19;C12orf56;PNLDC1;GJA3;ZDHHC8;OC90;NR5A2;PRCD;ARMC3;TFR2;SLC6A3;ONECUT3;NHLRC4;PCP4L1;C3orf14;SLC8A3;HMX2;KNDC1,0.739943265914917
COAD,2,43,CGBoost,ok,,216,56,4494;4825;2870;1578;6661;4068;3897;6643;4940;408;3428;2583;7963;1206;3463;2846;3005;355;7909;5009,MBOAT1;NAT14;FZD4;CLEC1A;SLC39A2;KNG1;KCNMB4;SLC30A4;NKAPL;APCDD1;HMX3;FAM72D;ZNF133;CCDC8;HOXC4;FUT1;GJA4;ANKRD26;ZC3H12D;NPM2,19.85771894454956
COAD,2,43,RSF,ok,,216,56,985;2332;2672;7632;5752;1700;1205;2869;6712;1054;1027;2101;3896;7113;5377;4556;3830;2514;5649;407,C7orf13;ENO3;FDFT1;TTYH2;PRR4;COLEC11;CCDC78;FZD3;SLC6A3;CACNB1;CA3;DNAJB13;KCNMB3;TAS2R20;PDZD7;MFSD2A;KBTBD11;FAM171A2;PPFIA4;APC2,4.60774827003479
COAD,3,44,MKG,ok,,216,57,7113;4354;4939;3126;2885;354;4922;6177;7252;6642;1767;5874;4493;6678;1278;961;2166;1176;798;4445,TAS2R20;LRRC69;NKAIN4;GPR156;GABRD;ANKRD24;NGF;RPLP0P2;TIGD1;SLC30A3;CRHR1;QRFP;MBL1P;SLC46A2;CD1B;C5orf46;DRD4;CCDC151;C15orf26;MAN2A1,59.850727796554565
COAD,3,44,Uni-Cox,ok,,216,57,1767;7201;6642;7113;4493;354;1221;6678;2620;961;108;1732;4939;4320;1854;2885;1775;1356;5704;3126,CRHR1;TFAP2B;SLC30A3;TAS2R20;MBL1P;ANKRD24;CCKBR;SLC46A2;FBN3;C5orf46;ACTN2;CPLX3;NKAIN4;LRP2;CUZD1;GABRD;CRLF1;CDH12;PRG4;GPR156,0.04192614555358887
COAD,3,44,Cox-Lasso,ok,,216,57,1854;783;1278;2907;7916;2242;4332;1630;4493;917;5688;1417;4088;3122;4007;3150;4613;1343;3290;6729,CUZD1;C12orf56;CD1B;GALR2;ZDHHC19;EEPD1;LRRC24;CNGB3;MBL1P;C2CD4D;PRCD;CECR6;KRT24;GPR150;KLB;GPR55;MMP23B;CDC42BPA;HAR1A;SLC8A3,0.4237794876098633
COAD,3,44,Cox-EN,ok,,216,57,7916;1854;783;4493;1278;2907;1417;3122;1630;2040;917;6826;3150;1720;5969;1343;3290;5688;2449;4354,ZDHHC19;CUZD1;C12orf56;MBL1P;CD1B;GALR2;CECR6;GPR150;CNGB3;DIRAS2;C2CD4D;SOHLH1;GPR55;CPA2;RBM24;CDC42BPA;HAR1A;PRCD;FA2H;LRRC69,0.7475950717926025
COAD,3,44,CGBoost,ok,,216,57,1855;6643;355;4494;2243;1768;1279;4928;7114;4355;5875;962;6499;1418;3151;1177;7805;6178;2789;4940,CWH43;SLC30A4;ANKRD26;MBOAT1;EFCAB1;CRHR2;CD1C;NID1;TAS2R31;LRRC7;QRFPR;C5orf48;SIGLEC15;CECR7;GPR56;CCDC152;WBP2NL;RPP25;FOXD2;NKAPL,21.92652463912964
COAD,3,44,RSF,ok,,216,57,2242;1854;2885;4354;1417;2788;1164;3070;7147;2166;631;5135;1176;3814;908;3246;4445;3347;407;5874,EEPD1;CUZD1;GABRD;LRRC69;CECR6;FOXD1;CCDC135;GNGT1;TCAP;DRD4;BARX1;OLFM2;CCDC151;JPH3;C22orf15;GTF2A1L;MAN2A1;HEYL;APC2;QRFP,4.688941478729248
COAD,4,45,MKG,ok,,216,52,354;2101;3896;5234;5274;3126;1278;1086;5643;811;1020;7636;4445;571;5393;7908;3675;6642;2332;4056,ANKRD24;DNAJB13;KCNMB3;PANX2;PBX4;GPR156;CD1B;CAMK2B;PPARGC1A;C16orf74;C9orf96;TUBA4B;MAN2A1;ATP6V1B1;PEX5L;ZC3H12C;IL20RB;SLC30A3;ENO3;KLKP1,58.83523440361023
COAD,4,45,Uni-Cox,ok,,216,52,1221;354;7201;1577;2101;7620;5729;3896;7540;1020;209;7804;5404;6642;5393;4301;1767;4150;2869;1732,CCKBR;ANKRD24;TFAP2B;CLEC18C;DNAJB13;TTC9B;PRMT8;KCNMB3;TRIM67;C9orf96;AGAP7;WASH5P;PGAM2;SLC30A3;PEX5L;LPPR3;CRHR1;LBX2;FZD3;CPLX3,0.05224800109863281
COAD,4,45,Cox-Lasso,ok,,216,52,2869;7620;1533;4493;8001;1854;1278;3150;7921;3004;6738;918;1020;783;6108;2874;5679;8058;2067;2959,FZD3;TTC9B;CITED2;MBL1P;ZNF300;CUZD1;CD1B;GPR55;ZDHHC8;GJA3;SLCO1B1;C2orf16;C9orf96;C12orf56;RNASE13;G0S2;PPP4R1L;ZNF501;DLL4;GDF15,0.4327070713043213
COAD,4,45,Cox-EN,ok,,216,52,8001;783;2869;7921;354;1278;5679;7620;1854;4493;3150;6738;1277;2101;490;3476;1533;4354;2067;2959,ZNF300;C12orf56;FZD3;ZDHHC8;ANKRD24;CD1B;PPP4R1L;TTC9B;CUZD1;MBL1P;GPR55;SLCO1B1;CD1A;DNAJB13;ARMC3;HPCAL4;CITED2;LRRC69;DLL4;GDF15,0.6786677837371826
COAD,4,45,CGBoost,ok,,216,52,7621;355;2102;4057;2870;7963;2960;6643;1222;6499;1279;5650;1855;4940;1021;3897;5171;5644;7805;3676,TTLL10;ANKRD26;DNAJB4;KLRB1;FZD4;ZNF133;GDF5;SLC30A4;CCL11;SIGLEC15;CD1C;PPIC;CWH43;NKAPL;CA1;KCNMB4;ORAI2;PPARGC1B;WBP2NL;IL21R,22.448922872543335
COAD,4,45,RSF,ok,,216,52,922;7637;1153;7368;351;6712;1278;354;7831;5467;1743;4644;5752;7620;4067;7908;2150;2920;7085;3135,C2orf50;TUBA8;CCDC108;TMEM56;ANKRD20A4;SLC6A3;CD1B;ANKRD24;WFDC10B;PIP5KL1;CPNE9;MPP2;PRR4;TTC9B;KNDC1;ZC3H12C;DPP7;GAST;SYT8;GPR179,4.723558664321899
COAD,5,46,MKG,ok,,216,55,354;454;3126;1086;6234;6028;5649;924;6642;108;1069;4939;5643;407;5874;5147;3400;525;5135;6177,ANKRD24;ARC;GPR156;CAMK2B;RYR2;RFPL4B;PPFIA4;C2orf61;SLC30A3;ACTN2;CALB2;NKAIN4;PPARGC1A;APC2;QRFP;ONECUT1;HIST1H4H;ASPHD1;OLFM2;RPLP0P2,53.07217359542847
COAD,5,46,Uni-Cox,ok,,216,55,1221;7201;354;4939;6642;1458;4974;6951;5649;108;1368;7757;3126;369;5819;5874;1086;5147;6791;7068,CCKBR;TFAP2B;ANKRD24;NKAIN4;SLC30A3;CGA;NOG;SSPO;PPFIA4;ACTN2;CDH4;VAX2;GPR156;ANKRD6;PTH2R;QRFP;CAMK2B;ONECUT1;SNCB;SYNPO2L,0.0497434139251709
COAD,5,46,Cox-Lasso,ok,,216,55,4493;4642;1417;3290;1278;3576;918;783;3469;7972;525;6185;5882;6909;2869;7620;5874;3058;1854;7240,MBL1P;MPL;CECR6;HAR1A;CD1B;IDO2;C2orf16;C12orf56;HOXD13;ZNF175;ASPHD1;RPS28;RAB17;SPOCK3;FZD3;TTC9B;QRFP;GNAZ;CUZD1;THRB,0.4597325325012207
COAD,5,46,Cox-EN,ok,,216,55,4493;783;1417;3290;1278;4642;8001;5874;7972;6909;6185;3576;918;4241;354;6234;5149;286;6052;1854,MBL1P;C12orf56;CECR6;HAR1A;CD1B;MPL;ZNF300;QRFP;ZNF175;SPOCK3;RPS28;IDO2;C2orf16;LIME1;ANKRD24;RYR2;ONECUT3;ALDOC;RGS17;CUZD1,0.7419500350952148
COAD,5,46,CGBoost,ok,,216,55,355;1369;1279;4940;5875;5650;7621;4098;6186;1222;4975;3291;4494;287;1418;6952;5644;526;6178;5148,ANKRD26;CDH5;CD1C;NKAPL;QRFPR;PPIC;TTLL10;KRT40;RPS3A;CCL11;NOL4;HAR1B;MBOAT1;ALG10B;CECR7;SST;PPARGC1B;ASPHD2;RPP25;ONECUT2,23.01356267929077
COAD,5,46,RSF,ok,,216,55,6951;5874;454;7455;6201;7342;1278;6642;4049;7454;525;6420;700;354;7620;407;4097;2945;7268;6712,SSPO;QRFP;ARC;TNNT2;RRN3P2;TMEM198;CD1B;SLC30A3;KLK4;TNNT1;ASPHD1;SEZ6L2;BMP5;ANKRD24;TTC9B;APC2;KRT4;GCKR;TLE6;SLC6A3,4.7328832149505615
COAD,6,47,MKG,ok,,216,52,4067;5234;108;886;571;1069;7757;7728;6701;1176;5649;4161;2959;3427;3400;5643;6441;6519;4150;6678,KNDC1;PANX2;ACTN2;C1orf61;ATP6V1B1;CALB2;VAX2;UPK3B;SLC6A1;CCDC151;PPFIA4;LCN8;GDF15;HMX2;HIST1H4H;PPARGC1A;SGCG;SIX4;LBX2;SLC46A2,59.83760142326355
COAD,6,47,Uni-Cox,ok,,216,52,7201;108;1221;6642;571;5234;3400;7757;6441;4939;6705;886;1767;6678;3933;1176;2845;4874;786;4366,TFAP2B;ACTN2;CCKBR;SLC30A3;ATP6V1B1;PANX2;HIST1H4H;VAX2;SGCG;NKAIN4;SLC6A15;C1orf61;CRHR1;SLC46A2;KHDC1L;CCDC151;FTCD;NECAB2;C12orf63;LRRN4,0.060152292251586914
COAD,6,47,Cox-Lasso,ok,,216,52,4642;2811;570;1768;917;1135;3150;783;7268;490;5688;6261;3092;4088;5882;3822;1278;4613;4927;2920,MPL;FOXQ1;ATP6V0E2;CRHR2;C2CD4D;CBLN2;GPR55;C12orf56;TLE6;ARMC3;PRCD;SACS;GPC1;KRT24;RAB17;KANK1;CD1B;MMP23B;NHLRC4;GAST,0.6009724140167236
COAD,6,47,Cox-EN,ok,,216,52,783;1768;917;4067;570;4642;1854;1278;4161;5589;4088;1277;6108;6247;2811;7268;6185;3150;1135;490,C12orf56;CRHR2;C2CD4D;KNDC1;ATP6V0E2;MPL;CUZD1;CD1B;LCN8;PNLDC1;KRT24;CD1A;RNASE13;S100A7A;FOXQ1;TLE6;RPS28;GPR55;CBLN2;ARMC3,0.9353327751159668
COAD,6,47,CGBoost,ok,,216,52,1279;4068;3401;4940;571;4162;2960;5644;1177;1855;109;491;4151;6679;5235;2846;352;38;6643;6442,CD1C;KNG1;HIST1H4I;NKAPL;ATP6V1B1;LCNL1;GDF5;PPARGC1B;CCDC152;CWH43;ACTR3C;ARMC4;LCA5;SLC46A3;PAOX;FUT1;ANKRD22;ABCC6P1;SLC30A4;SGIP1,27.09054923057556
COAD,6,47,RSF,ok,,216,52,7147;4067;1278;4150;1854;547;7804;120;3903;351;4161;354;1768;6642;3439;37;5874;3400;6261;3635,TCAP;KNDC1;CD1B;LBX2;CUZD1;ATOH1;WASH5P;ADAM11;KCNQ2;ANKRD20A4;LCN8;ANKRD24;CRHR2;SLC30A3;HOTAIR;ABCC6;QRFP;HIST1H4H;SACS;IGSF9B,4.86408805847168
COAD,7,48,MKG,ok,,216,53,7113;354;3896;7728;4939;1278;961;924;2869;1027;4097;3013;6678;7804;5234;5643;5649;7252;3439;3405,TAS2R20;ANKRD24;KCNMB3;UPK3B;NKAIN4;CD1B;C5orf46;C2orf61;FZD3;CA3;KRT4;GJB7;SLC46A2;WASH5P;PANX2;PPARGC1A;PPFIA4;TIGD1;HOTAIR;HIST2H2BA,62.40774321556091
COAD,7,48,Uni-Cox,ok,,216,53,4939;354;1221;6678;1020;7068;5672;7113;4493;3220;5643;7252;3439;5234;961;3460;78;3896;3400;1854,NKAIN4;ANKRD24;CCKBR;SLC46A2;C9orf96;SYNPO2L;PPP1R3E;TAS2R20;MBL1P;GRM6;PPARGC1A;TIGD1;HOTAIR;PANX2;C5orf46;HOXC11;ACMSD;KCNMB3;HIST1H4H;CUZD1,0.05968165397644043
COAD,7,48,Cox-Lasso,ok,,216,53,1278;7921;3150;783;5551;3242;5215;2736;1264;5688;7916;84;5882;1630;8187;961;1417;5366;7620;6247,CD1B;ZDHHC8;GPR55;C12orf56;PLEKHG6;GSTP1;PACSIN3;FJX1;CCR9;PRCD;ZDHHC19;ACOXL;RAB17;CNGB3;ZNF90;C5orf46;CECR6;PDK4;TTC9B;S100A7A,0.6624162197113037
COAD,7,48,Cox-EN,ok,,216,53,1278;3150;783;84;1630;5551;5589;1020;7916;399;786;5882;6247;2059;3649;7921;1417;3242;8187;4354,CD1B;GPR55;C12orf56;ACOXL;CNGB3;PLEKHG6;PNLDC1;C9orf96;ZDHHC19;AP3B2;C12orf63;RAB17;S100A7A;DLGAP1;IL13;ZDHHC8;CECR6;GSTP1;ZNF90;LRRC69,1.0707168579101562
COAD,7,48,CGBoost,ok,,216,53,1279;4940;355;1265;5883;1855;8188;7253;3221;5644;3461;5235;2960;693;6702;4098;491;6679;962;1021,CD1C;NKAPL;ANKRD26;CCRN4L;RAB19;CWH43;ZNF93;TIGD3;GRM7;PPARGC1B;HOXC12;PAOX;GDF5;BLNK;SLC6A10P;KRT40;ARMC4;SLC46A3;C5orf48;CA1,28.897015810012817
COAD,7,48,RSF,ok,,216,53,1264;5882;7804;7085;6234;6686;1278;3347;1768;3871;490;7113;5228;3126;6441;692;3223;4445;4968;8187,CCR9;RAB17;WASH5P;SYT8;RYR2;SLC4A4;CD1B;HEYL;CRHR2;KCNJ14;ARMC3;TAS2R20;PALM2;GPR156;SGCG;BLMH;GRP;MAN2A1;NMUR1;ZNF90,4.651161432266235
COAD,8,49,MKG,ok,,216,55,4939;5643;4320;3405;354;1767;2885;490;4874;3896;7804;5135;4366;7282;4150;924;1775;5533;3427;3526,NKAIN4;PPARGC1A;LRP2;HIST2H2BA;ANKRD24;CRHR1;GABRD;ARMC3;NECAB2;KCNMB3;WASH5P;OLFM2;LRRN4;TLX2;LBX2;C2orf61;CRLF1;PLCH2;HMX2;HSPA1A,64.47849464416504
COAD,8,49,Uni-Cox,ok,,216,55,1221;4320;7201;1767;4939;6642;7804;2845;7701;3400;5643;3407;5649;78;4974;1775;7282;369;5704;6441,CCKBR;LRP2;TFAP2B;CRHR1;NKAIN4;SLC30A3;WASH5P;FTCD;UGT3A1;HIST1H4H;PPARGC1A;HIST2H2BF;PPFIA4;ACMSD;NOG;CRLF1;TLX2;ANKRD6;PRG4;SGCG,0.07897543907165527
COAD,8,49,Cox-Lasso,ok,,216,55,1278;783;3400;5436;84;5551;917;6;3004;4360;3122;2907;5688;3374;1644;5596;1417;4885;4161;1799,CD1B;C12orf56;HIST1H4H;PHOX2A;ACOXL;PLEKHG6;C2CD4D;AADAT;GJA3;LRRIQ3;GPR150;GALR2;PRCD;HIST1H2AD;CNTF;PNMT;CECR6;NEK10;LCN8;CSF3,0.7251510620117188
COAD,8,49,Cox-EN,ok,,216,55,783;1278;5688;4360;3400;2907;4885;78;490;1644;5596;5551;3374;4161;3122;5436;6;3878;1067;2040,C12orf56;CD1B;PRCD;LRRIQ3;HIST1H4H;GALR2;NEK10;ACMSD;ARMC3;CNTF;PNMT;PLEKHG6;HIST1H2AD;LCN8;GPR150;PHOX2A;AADAT;KCNJ6;CAGE1;DIRAS2,1.1568734645843506
COAD,8,49,CGBoost,ok,,216,55,4940;7805;4321;1855;1222;1279;355;7;3401;5644;491;6702;2311;925;4151;2846;6643;5656;5650;6660,NKAPL;WBP2NL;LRP3;CWH43;CCL11;CD1C;ANKRD26;AAK1;HIST1H4I;PPARGC1B;ARMC4;SLC6A10P;EML1;C2orf66;LCA5;FUT1;SLC30A4;PPM1K;PPIC;SLC38A8,26.950275421142578
COAD,8,49,RSF,ok,,216,55,7804;4186;3729;4644;354;1380;4445;5672;369;5135;4493;6642;3374;3373;5377;5631;2885;3627;5533;5325,WASH5P;LEP;IQCA1;MPP2;ANKRD24;CDK5R2;MAN2A1;PPP1R3E;ANKRD6;OLFM2;MBL1P;SLC30A3;HIST1H2AD;HIST1H2AC;PDZD7;POU4F1;GABRD;IGLON5;PLCH2;PCOLCE2,4.872972249984741
COAD,9,50,MKG,ok,,216,60,3126;5649;5234;4067;6642;1854;886;4366;1767;4939;4320;7031;1278;4097;1027;454;1086;3462;4493;354,GPR156;PPFIA4;PANX2;KNDC1;SLC30A3;CUZD1;C1orf61;LRRN4;CRHR1;NKAIN4;LRP2;SULT1B1;CD1B;KRT4;CA3;ARC;CAMK2B;HOXC13;MBL1P;ANKRD24,69.40245532989502
COAD,9,50,Uni-Cox,ok,,216,60,1221;7201;1767;5649;5393;4939;4320;6642;4366;4493;1176;7757;354;1854;6678;3933;369;108;3126;7540,CCKBR;TFAP2B;CRHR1;PPFIA4;PEX5L;NKAIN4;LRP2;SLC30A3;LRRN4;MBL1P;CCDC151;VAX2;ANKRD24;CUZD1;SLC46A2;KHDC1L;ANKRD6;ACTN2;GPR156;TRIM67,0.0718533992767334
COAD,9,50,Cox-Lasso,ok,,216,60,7620;1854;4493;1278;6261;4089;4354;7178;7921;5092;918;6569;7108;961;434;3242;1720;286;3166;7690,TTC9B;CUZD1;MBL1P;CD1B;SACS;KRT31;LRRC69;TDRD6;ZDHHC8;NUDT18;C2orf16;SLC17A8;TAPBPL;C5orf46;APOH;GSTP1;CPA2;ALDOC;GPRC5B;UFSP1,0.754716157913208
COAD,9,50,Cox-EN,ok,,216,60,7620;4493;1278;1854;6261;1417;4354;4089;1923;7929;1720;4409;7178;6686;918;6498;1277;354;7921;7108,TTC9B;MBL1P;CD1B;CUZD1;SACS;CECR6;LRRC69;KRT31;CYP7A1;ZFP3;CPA2;LYPD2;TDRD6;SLC4A4;C2orf16;SIGLEC14;CD1A;ANKRD24;ZDHHC8;TAPBPL,1.1975898742675781
COAD,9,50,CGBoost,ok,,216,60,1279;1855;5650;7621;1177;4940;5793;6262;287;4367;1222;7963;4494;355;5644;548;4321;5517;4068;5394,CD1C;CWH43;PPIC;TTLL10;CCDC152;NKAPL;PSPH;SALL1;ALG10B;LRRN4CL;CCL11;ZNF133;MBOAT1;ANKRD26;PPARGC1B;ATOH7;LRP3;PLAGL1;KNG1;PEX6,23.946646451950073
COAD,9,50,RSF,ok,,216,60,1854;4067;1278;5649;7620;209;6261;2885;4493;6686;3990;3406;8187;286;7268;5643;407;2240;2101;7142,CUZD1;KNDC1;CD1B;PPFIA4;TTC9B;AGAP7;SACS;GABRD;MBL1P;SLC4A4;KIF7;HIST2H2BE;ZNF90;ALDOC;TLE6;PPARGC1A;APC2;EEF1A2;DNAJB13;TBX5,4.595529794692993
COAD,10,51,MKG,ok,,216,51,5649;108;4493;6642;4939;5643;7085;4840;6328;7620;3400;3126;1732;2845;1069;961;3405;965;6178;7113,PPFIA4;ACTN2;MBL1P;SLC30A3;NKAIN4;PPARGC1A;SYT8;NBPF3;SCRT1;TTC9B;HIST1H4H;GPR156;CPLX3;FTCD;CALB2;C5orf46;HIST2H2BA;C5orf55;RPP25;TAS2R20,67.1554503440857
COAD,10,51,Uni-Cox,ok,,216,51,1221;7201;5726;7701;5649;108;3400;2845;6642;369;6678;354;961;4493;7804;3903;4840;6441;4974;5643,CCKBR;TFAP2B;PRLHR;UGT3A1;PPFIA4;ACTN2;HIST1H4H;FTCD;SLC30A3;ANKRD6;SLC46A2;ANKRD24;C5orf46;MBL1P;WASH5P;KCNQ2;NBPF3;SGCG;NOG;PPARGC1A,0.05306386947631836
COAD,10,51,Cox-Lasso,ok,,216,51,783;4642;3290;2059;5874;4089;525;4493;1630;917;840;5589;4927;6348;1854;690;997;655;2811;2040,C12orf56;MPL;HAR1A;DLGAP1;QRFP;KRT31;ASPHD1;MBL1P;CNGB3;C2CD4D;C19orf73;PNLDC1;NHLRC4;SEC14L5;CUZD1;BIRC7;C8orf4;BCL2L15;FOXQ1;DIRAS2,0.5307180881500244
COAD,10,51,Cox-EN,ok,,216,51,783;3290;5589;4642;4089;2059;819;1067;1854;4161;1630;917;6108;5874;2260;4927;1444;786;4773;525,C12orf56;HAR1A;PNLDC1;MPL;KRT31;DLGAP1;C17orf50;CAGE1;CUZD1;LCN8;CNGB3;C2CD4D;RNASE13;QRFP;EFR3B;NHLRC4;CERK;C12orf63;MYLPF;ASPHD1,0.8985941410064697
COAD,10,51,CGBoost,ok,,216,51,7805;5650;1222;4494;1855;5644;6186;4841;3401;355;962;5000;7099;7621;5875;7820;491;2374;5165;2008,WBP2NL;PPIC;CCL11;MBOAT1;CWH43;PPARGC1B;RPS3A;NBPF4;HIST1H4I;ANKRD26;C5orf48;NPEPL1;TAGAP;TTLL10;QRFPR;WDR65;ARMC4;EPHX4;OR2T10;DGAT1,23.796736001968384
COAD,10,51,RSF,ok,,216,51,2494;1005;3375;901;7620;3400;4493;7804;2791;209;4186;2007;3126;4999;407;2964;5325;786;7252;2885,FAM150B;C9orf117;HIST1H2AE;C21orf119;TTC9B;HIST1H4H;MBL1P;WASH5P;FOXD4;AGAP7;LEP;DFNB59;GPR156;NPDC1;APC2;GDPD1;PCOLCE2;C12orf63;TIGD1;GABRD,4.924483299255371
COAD,11,52,MKG,ok,,216,53,3126;4097;7113;1767;1027;5643;1069;6028;3373;3494;7804;7031;4445;354;2288;4493;1103;6701;3973;5377,GPR156;KRT4;TAS2R20;CRHR1;CA3;PPARGC1A;CALB2;RFPL4B;HIST1H2AC;HRH3;WASH5P;SULT1B1;MAN2A1;ANKRD24;ELFN1;MBL1P;CAPN9;SLC6A1;KIF13B;PDZD7,64.00618529319763
COAD,11,52,Uni-Cox,ok,,216,53,7201;1767;6328;6660;5393;7031;1221;2959;1027;3400;4493;354;5643;4097;407;3126;2845;6642;3232;3494,TFAP2B;CRHR1;SCRT1;SLC38A8;PEX5L;SULT1B1;CCKBR;GDF15;CA3;HIST1H4H;MBL1P;ANKRD24;PPARGC1A;KRT4;APC2;GPR156;FTCD;SLC30A3;GSR;HRH3,0.048302412033081055
COAD,11,52,Cox-Lasso,ok,,216,53,6701;1278;6627;1923;2001;5969;6328;1630;1854;783;3427;354;1264;918;7108;6405;2489;4354;2310;884,SLC6A1;CD1B;SLC2A10;CYP7A1;DEPDC4;RBM24;SCRT1;CNGB3;CUZD1;C12orf56;HMX2;ANKRD24;CCR9;C2orf16;TAPBPL;SERPINC1;FAM135B;LRRC69;EMILIN3;C1orf53,0.5014688968658447
COAD,11,52,Cox-EN,ok,,216,53,783;2310;6701;1923;1278;3427;7108;4088;1854;1630;4354;354;5589;6627;1264;786;5215;6328;5969;4097,C12orf56;EMILIN3;SLC6A1;CYP7A1;CD1B;HMX2;TAPBPL;KRT24;CUZD1;CNGB3;LRRC69;ANKRD24;PNLDC1;SLC2A10;CCR9;C12orf63;PACSIN3;SCRT1;RBM24;KRT4,0.9755001068115234
COAD,11,52,CGBoost,ok,,216,53,6702;1279;6329;787;2960;7032;4098;408;355;5883;1855;1028;6661;2243;1177;4494;5644;3374;2311;4446,SLC6A10P;CD1C;SCT;C12orf68;GDF5;SULT1C2;KRT40;APCDD1;ANKRD26;RAB19;CWH43;CA4;SLC39A2;EFCAB1;CCDC152;MBOAT1;PPARGC1B;HIST1H2AD;EML1;MANEAL,24.084826469421387
COAD,11,52,RSF,ok,,216,53,4493;1854;2150;5874;2166;5377;3400;7368;943;6701;6328;4150;369;354;3973;5164;5649;961;6872;209,MBL1P;CUZD1;DPP7;QRFP;DRD4;PDZD7;HIST1H4H;TMEM56;C3orf72;SLC6A1;SCRT1;LBX2;ANKRD6;ANKRD24;KIF13B;OR2B6;PPFIA4;C5orf46;SPAG8;AGAP7,4.8435094356536865
COAD,12,53,MKG,ok,,216,51,354;4493;5234;5649;7113;3896;3865;208;4161;3126;2885;4874;2771;2332;6701;5672;108;6488;1356;1854,ANKRD24;MBL1P;PANX2;PPFIA4;TAS2R20;KCNMB3;KCNIP2;AGAP6;LCN8;GPR156;GABRD;NECAB2;FNDC5;ENO3;SLC6A1;PPP1R3E;ACTN2;SHISA7;CDH12;CUZD1,61.25265169143677
COAD,12,53,Uni-Cox,ok,,216,51,4493;354;7201;1221;1356;3126;6642;5672;1767;6678;3865;6488;2332;7940;3896;108;4874;6705;6701;1372,MBL1P;ANKRD24;TFAP2B;CCKBR;CDH12;GPR156;SLC30A3;PPP1R3E;CRHR1;SLC46A2;KCNIP2;SHISA7;ENO3;ZFR2;KCNMB3;ACTN2;NECAB2;SLC6A15;SLC6A1;CDH8,0.061292409896850586
COAD,12,53,Cox-Lasso,ok,,216,51,5589;2800;3290;783;4493;6701;6642;354;5599;3004;6261;4968;4992;7522;6185;3126;1067;2044;1854;1093,PNLDC1;FOXI2;HAR1A;C12orf56;MBL1P;SLC6A1;SLC30A3;ANKRD24;PNPLA3;GJA3;SACS;NMUR1;NOXO1;TRIM2;RPS28;GPR156;CAGE1;DISC1;CUZD1;CAP2,0.5767686367034912
COAD,12,53,Cox-EN,ok,,216,51,5589;783;4493;354;3290;4992;2800;6185;3633;6642;5215;935;2044;490;2059;7098;3004;1020;6701;3561,PNLDC1;C12orf56;MBL1P;ANKRD24;HAR1A;NOXO1;FOXI2;RPS28;IGSF5;SLC30A3;PACSIN3;C3orf14;DISC1;ARMC3;DLGAP1;TAF4B;GJA3;C9orf96;SLC6A1;HYLS1,0.8742630481719971
COAD,12,53,CGBoost,ok,,216,51,355;4494;1855;2333;6702;5954;7099;6643;1222;1279;5235;3127;5241;5093;5301;4151;1021;7621;4184;1569,ANKRD26;MBOAT1;CWH43;ENOSF1;SLC6A10P;RASL10B;TAGAP;SLC30A4;CCL11;CD1C;PAOX;GPR157;PAQR5;NUDT2;PCDHB16;LCA5;CA1;TTLL10;LEMD1;CLEC10A,23.379658699035645
COAD,12,53,RSF,ok,,216,51,4776;354;6351;36;6642;1568;369;2771;7637;3220;5589;3407;3282;5164;7113;4824;5286;6234;7831;886,MYO16;ANKRD24;SEC31B;ABCC5;SLC30A3;CLDND2;ANKRD6;FNDC5;TUBA8;GRM6;PNLDC1;HIST2H2BF;HAMP;OR2B6;TAS2R20;NAT1;PCDH9;RYR2;WFDC10B;C1orf61,4.697434425354004
COAD,13,54,MKG,ok,,216,49,4097;3126;4354;5234;108;4366;4320;6642;6712;2101;4493;6028;4067;5516;3232;4939;3400;6660;3427;6705,KRT4;GPR156;LRRC69;PANX2;ACTN2;LRRN4;LRP2;SLC30A3;SLC6A3;DNAJB13;MBL1P;RFPL4B;KNDC1;PLAG1;GSR;NKAIN4;HIST1H4H;SLC38A8;HMX2;SLC6A15,63.272786140441895
COAD,13,54,Uni-Cox,ok,,216,49,7201;7196;1221;4320;2845;7701;6712;5516;4366;6705;3126;4097;6642;3933;6660;3494;108;6328;886;1767,TFAP2B;TEX15;CCKBR;LRP2;FTCD;UGT3A1;SLC6A3;PLAG1;LRRN4;SLC6A15;GPR156;KRT4;SLC30A3;KHDC1L;SLC38A8;HRH3;ACTN2;SCRT1;C1orf61;CRHR1,0.062146902084350586
COAD,13,54,Cox-Lasso,ok,,216,49,3004;5589;3122;4161;1854;3427;4493;1277;8001;4097;6712;4307;1417;8122;2609;3150;783;1153;3058;94,GJA3;PNLDC1;GPR150;LCN8;CUZD1;HMX2;MBL1P;CD1A;ZNF300;KRT4;SLC6A3;LRFN2;CECR6;ZNF665;FAT2;GPR55;C12orf56;CCDC108;GNAZ;ACSL5,0.5563087463378906
COAD,13,54,Cox-EN,ok,,216,49,3122;5589;3004;783;4161;1277;8001;4097;3427;4354;1854;4493;6428;4307;3150;6712;8122;1278;6108;4089,GPR150;PNLDC1;GJA3;C12orf56;LCN8;CD1A;ZNF300;KRT4;HMX2;LRRC69;CUZD1;MBL1P;SFTA2;LRFN2;GPR55;SLC6A3;ZNF665;CD1B;RNASE13;KRT31,0.8299779891967773
COAD,13,54,CGBoost,ok,,216,49,4098;5517;4321;6643;4940;1855;3428;6499;2846;355;6713;3123;1021;4367;3127;5793;4162;7963;4446;5235,KRT40;PLAGL1;LRP3;SLC30A4;NKAPL;CWH43;HMX3;SIGLEC15;FUT1;ANKRD26;SLC6A4;GPR152;CA1;LRRN4CL;GPR157;PSPH;LCNL1;ZNF133;MANEAL;PAOX,23.985467672348022
COAD,13,54,RSF,ok,,216,49,6712;4161;2101;3004;1581;6523;4067;631;369;4339;7282;6441;6642;1027;5277;108;47;1905;6678;4939,SLC6A3;LCN8;DNAJB13;GJA3;CLEC2L;SKAP1;KNDC1;BARX1;ANKRD6;LRRC34;TLX2;SGCG;SLC30A3;CA3;PCBP3;ACTN2;ABHD1;CYP2E1;SLC46A2;NKAIN4,4.85068941116333
COAD,14,55,MKG,ok,,216,50,4320;3406;3896;4939;5649;5643;354;1767;3407;7637;1020;5393;1854;7804;2549;1278;7252;2959;7113;7112,LRP2;HIST2H2BE;KCNMB3;NKAIN4;PPFIA4;PPARGC1A;ANKRD24;CRHR1;HIST2H2BF;TUBA8;C9orf96;PEX5L;CUZD1;WASH5P;FAM24B;CD1B;TIGD1;GDF15;TAS2R20;TAS2R14,63.58363175392151
COAD,14,55,Uni-Cox,ok,,216,50,1221;7201;4320;1767;7701;3407;2845;5393;7637;5649;7196;6642;1854;5643;2007;1768;4939;1732;5423;3814,CCKBR;TFAP2B;LRP2;CRHR1;UGT3A1;HIST2H2BF;FTCD;PEX5L;TUBA8;PPFIA4;TEX15;SLC30A3;CUZD1;PPARGC1A;DFNB59;CRHR2;NKAIN4;CPLX3;PHF21B;JPH3,0.04055023193359375
COAD,14,55,Cox-Lasso,ok,,216,50,1854;4786;3882;2495;783;5882;5589;6508;7454;4354;6247;5421;1923;3122;1278;6770;1417;3150;2800;5883,CUZD1;MYO7A;KCNK10;FAM151B;C12orf56;RAB17;PNLDC1;SIM2;TNNT1;LRRC69;S100A7A;PHACTR3;CYP7A1;GPR150;CD1B;SMC1B;CECR6;GPR55;FOXI2;RAB19,0.45638465881347656
COAD,14,55,Cox-EN,ok,,216,50,2495;1854;783;7972;6247;1923;490;3150;84;3882;3122;5589;2549;1020;5366;5882;1278;5421;4089;3469,FAM151B;CUZD1;C12orf56;ZNF175;S100A7A;CYP7A1;ARMC3;GPR55;ACOXL;KCNK10;GPR150;PNLDC1;FAM24B;C9orf96;PDK4;RAB17;CD1B;PHACTR3;KRT31;HOXD13,0.7582526206970215
COAD,14,55,CGBoost,ok,,216,50,1855;4273;1222;4321;5644;5650;7805;7638;6186;2947;6178;5235;1021;6643;4940;3883;2846;1279;2008;355,CWH43;LNPEP;CCL11;LRP3;PPARGC1B;PPIC;WBP2NL;TUBAL3;RPS3A;GCNT1;RPP25;PAOX;CA1;SLC30A4;NKAPL;KCNK12;FUT1;CD1C;DGAT1;ANKRD26,24.313349723815918
COAD,14,55,RSF,ok,,216,50,7804;5421;5643;2885;1854;8187;7908;1176;1581;6177;2786;6951;6712;209;7637;4840;6261;4644;1054;5135,WASH5P;PHACTR3;PPARGC1A;GABRD;CUZD1;ZNF90;ZC3H12C;CCDC151;CLEC2L;RPLP0P2;FOXC1;SSPO;SLC6A3;AGAP7;TUBA8;NBPF3;SACS;MPP2;CACNB1;OLFM2,4.928504705429077
COAD,15,56,MKG,ok,,216,54,4067;4493;5643;886;571;5649;2101;7620;4874;6177;2959;4939;1278;6712;354;5393;6642;7804;7636;1714,KNDC1;MBL1P;PPARGC1A;C1orf61;ATP6V1B1;PPFIA4;DNAJB13;TTC9B;NECAB2;RPLP0P2;GDF15;NKAIN4;CD1B;SLC6A3;ANKRD24;PEX5L;SLC30A3;WASH5P;TUBA4B;COX4I2,67.75903701782227
COAD,15,56,Uni-Cox,ok,,216,54,7201;5393;4493;1767;7636;6712;6642;6660;571;886;908;108;5672;4939;3933;354;1854;209;1714;4067,TFAP2B;PEX5L;MBL1P;CRHR1;TUBA4B;SLC6A3;SLC30A3;SLC38A8;ATP6V1B1;C1orf61;C22orf15;ACTN2;PPP1R3E;NKAIN4;KHDC1L;ANKRD24;CUZD1;AGAP7;COX4I2;KNDC1,0.07364726066589355
COAD,15,56,Cox-Lasso,ok,,216,54,7921;7916;1444;5393;783;7620;6261;3649;6701;4493;4875;2310;917;1176;2191;5170;7636;7718;2108;286,ZDHHC8;ZDHHC19;CERK;PEX5L;C12orf56;TTC9B;SACS;IL13;SLC6A1;MBL1P;NECAB3;EMILIN3;C2CD4D;CCDC151;DUOXA2;OR7D2;TUBA4B;UNC5D;DNAJC28;ALDOC,0.6393778324127197
COAD,15,56,Cox-EN,ok,,216,54,7916;783;786;5589;7636;6108;1444;3649;4493;5393;5467;209;1278;292;1854;5882;6177;7921;4642;7108,ZDHHC19;C12orf56;C12orf63;PNLDC1;TUBA4B;RNASE13;CERK;IL13;MBL1P;PEX5L;PIP5KL1;AGAP7;CD1B;ALKBH3;CUZD1;RAB17;RPLP0P2;ZDHHC8;MPL;TAPBPL,0.9809243679046631
COAD,15,56,CGBoost,ok,,216,54,7621;1855;4494;1279;7637;6713;5644;4068;1177;5883;5394;5875;6643;7805;2960;909;6178;536;6702;4939,TTLL10;CWH43;MBOAT1;CD1C;TUBA8;SLC6A4;PPARGC1B;KNG1;CCDC152;RAB19;PEX6;QRFPR;SLC30A4;WBP2NL;GDF5;C22orf24;RPP25;ATAD2;SLC6A10P;NKAIN4,29.657345056533813
COAD,15,56,RSF,ok,,216,54,4067;5792;1785;6384;5164;786;7620;4056;7496;2090;4186;5672;1732;2885;5377;6142;3952;1176;407;6441,KNDC1;PSORS1C3;CRYBA4;SERINC2;OR2B6;C12orf63;TTC9B;KLKP1;TRAF1;DNAH11;LEP;PPP1R3E;CPLX3;GABRD;PDZD7;RNFT1;KIAA1239;CCDC151;APC2;SGCG,5.032592535018921
COAD,16,57,MKG,ok,,216,58,7113;5649;5234;5643;4939;2101;4493;1278;4067;4097;5135;1069;3896;354;3126;3374;1768;3400;8187;5516,TAS2R20;PPFIA4;PANX2;PPARGC1A;NKAIN4;DNAJB13;MBL1P;CD1B;KNDC1;KRT4;OLFM2;CALB2;KCNMB3;ANKRD24;GPR156;HIST1H2AD;CRHR2;HIST1H4H;ZNF90;PLAG1,65.952889919281
COAD,16,57,Uni-Cox,ok,,216,58,5643;5234;5649;1221;7113;4939;3400;6678;4493;4974;961;354;8187;1020;78;6642;1768;7384;5393;1887,PPARGC1A;PANX2;PPFIA4;CCKBR;TAS2R20;NKAIN4;HIST1H4H;SLC46A2;MBL1P;NOG;C5orf46;ANKRD24;ZNF90;C9orf96;ACMSD;SLC30A3;CRHR2;TMEM91;PEX5L;CYP19A1,0.07708454132080078
COAD,16,57,Cox-Lasso,ok,,216,58,783;5065;5907;1278;1264;7933;1854;2242;5686;5688;3166;918;5122;1277;5366;5882;7916;3004;7252;6691,C12orf56;NRXN3;RAD51AP1;CD1B;CCR9;ZFP37;CUZD1;EEPD1;PRB2;PRCD;GPRC5B;C2orf16;OC90;CD1A;PDK4;RAB17;ZDHHC19;GJA3;TIGD1;SLC5A10,0.752187967300415
COAD,16,57,Cox-EN,ok,,216,58,783;7933;5688;1278;1854;1264;3122;2242;6247;4354;3150;1277;6826;7268;5589;1020;6;2040;5686;5065,C12orf56;ZFP37;PRCD;CD1B;CUZD1;CCR9;GPR150;EEPD1;S100A7A;LRRC69;GPR55;CD1A;SOHLH1;TLE6;PNLDC1;C9orf96;AADAT;DIRAS2;PRB2;NRXN3,1.1272752285003662
COAD,16,57,CGBoost,ok,,216,58,5235;1279;5644;4940;8188;5650;1855;2243;7086;7114;355;1222;3167;4321;5793;4068;536;79;3375;2400,PAOX;CD1C;PPARGC1B;NKAPL;ZNF93;PPIC;CWH43;EFCAB1;SYTL1;TAS2R31;ANKRD26;CCL11;GPRC5C;LRP3;PSPH;KNG1;ATAD2;ACN9;HIST1H2AE;ESPL1,30.469526052474976
COAD,16,57,RSF,ok,,216,58,2885;4186;1905;3246;5135;7757;1278;4776;4067;1020;3374;3439;3400;5377;7804;3407;1768;7833;354;6177,GABRD;LEP;CYP2E1;GTF2A1L;OLFM2;VAX2;CD1B;MYO16;KNDC1;C9orf96;HIST1H2AD;HOTAIR;HIST1H4H;PDZD7;WASH5P;HIST2H2BF;CRHR2;WFDC13;ANKRD24;RPLP0P2,4.8859429359436035
COAD,17,58,MKG,ok,,216,53,7113;5643;1854;354;5649;7637;1577;209;7252;2332;4354;6236;3732;6178;7743;2549;2001;2113;8193;7112,TAS2R20;PPARGC1A;CUZD1;ANKRD24;PPFIA4;TUBA8;CLEC18C;AGAP7;TIGD1;ENO3;LRRC69;S100A1;IQCH;RPP25;UTS2;FAM24B;DEPDC4;DNASE1L2;ZP3;TAS2R14,66.06771039962769
COAD,17,58,Uni-Cox,ok,,216,53,209;78;5649;1854;5672;5643;4493;354;7637;7252;1887;1577;7113;4366;708;3896;6678;6849;6565;921,AGAP7;ACMSD;PPFIA4;CUZD1;PPP1R3E;PPARGC1A;MBL1P;ANKRD24;TUBA8;TIGD1;CYP19A1;CLEC18C;TAS2R20;LRRN4;BMS1P5;KCNMB3;SLC46A2;SOX30;SLC16A8;C2orf48,0.09063267707824707
COAD,17,58,Cox-Lasso,ok,,216,53,3004;209;7921;4067;4493;783;1854;5720;5589;6261;7072;798;1278;7851;681;6701;4927;2001;4642;3646,GJA3;AGAP7;ZDHHC8;KNDC1;MBL1P;C12orf56;CUZD1;PRKCQ;PNLDC1;SACS;SYT10;C15orf26;CD1B;WNT11;BHMT;SLC6A1;NHLRC4;DEPDC4;MPL;IL12B,0.8659911155700684
COAD,17,58,Cox-EN,ok,,216,53,209;7921;5589;783;3004;4493;4927;3241;2059;4067;917;6712;4642;7916;7819;1854;1278;1277;2469;7501,AGAP7;ZDHHC8;PNLDC1;C12orf56;GJA3;MBL1P;NHLRC4;GSTO2;DLGAP1;KNDC1;C2CD4D;SLC6A3;MPL;ZDHHC19;WDR63;CUZD1;CD1B;CD1A;FAM106A;TRAPPC2P1,1.2532923221588135
COAD,17,58,CGBoost,ok,,216,53,1855;5650;5644;4494;4367;210;355;6702;3005;3647;7253;1177;2789;7820;7099;6140;8188;7621;4068;1344,CWH43;PPIC;PPARGC1B;MBOAT1;LRRN4CL;AGAP8;ANKRD26;SLC6A10P;GJA4;IL12RB1;TIGD3;CCDC152;FOXD2;WDR65;TAGAP;RNF39;ZNF93;TTLL10;KNG1;CDC42BPG,32.9001886844635
COAD,17,58,RSF,ok,,216,53,2885;6384;7743;1277;2549;1176;8187;2288;4150;3732;2914;5704;3973;6498;2788;1221;3232;798;7819;6519,GABRD;SERINC2;UTS2;CD1A;FAM24B;CCDC151;ZNF90;ELFN1;LBX2;IQCH;GAS2;PRG4;KIF13B;SIGLEC14;FOXD1;CCKBR;GSR;C15orf26;WDR63;SIX4,5.058311462402344
COAD,18,59,MKG,ok,,216,56,3896;4354;2101;5643;6642;4097;4320;7113;2549;7637;4183;6028;1768;5625;985;354;798;4939;6712;1887,KCNMB3;LRRC69;DNAJB13;PPARGC1A;SLC30A3;KRT4;LRP2;TAS2R20;FAM24B;TUBA8;LEKR1;RFPL4B;CRHR2;POU2F1;C7orf13;ANKRD24;C15orf26;NKAIN4;SLC6A3;CYP19A1,79.92964148521423
COAD,18,59,Uni-Cox,ok,,216,56,1959;1221;7201;1717;1767;4320;4097;6642;5147;1854;3896;78;6712;7540;985;1768;2101;4939;3933;4301,DCAF4L2;CCKBR;TFAP2B;COX7B2;CRHR1;LRP2;KRT4;SLC30A3;ONECUT1;CUZD1;KCNMB3;ACMSD;SLC6A3;TRIM67;C7orf13;CRHR2;DNAJB13;NKAIN4;KHDC1L;LPPR3,0.07572746276855469
COAD,18,59,Cox-Lasso,ok,,216,56,1277;798;3004;1854;7916;4992;2059;7921;783;4354;1923;1020;5366;6712;4097;2874;453;786;4493;5688,CD1A;C15orf26;GJA3;CUZD1;ZDHHC19;NOXO1;DLGAP1;ZDHHC8;C12orf56;LRRC69;CYP7A1;C9orf96;PDK4;SLC6A3;KRT4;G0S2;ARAP3;C12orf63;MBL1P;PRCD,0.8147785663604736
COAD,18,59,Cox-EN,ok,,216,56,798;4354;783;1854;7916;2059;1277;1923;1020;7921;4992;3122;4493;5366;4097;5688;2874;3004;6838;2800,C15orf26;LRRC69;C12orf56;CUZD1;ZDHHC19;DLGAP1;CD1A;CYP7A1;C9orf96;ZDHHC8;NOXO1;GPR150;MBL1P;PDK4;KRT4;PRCD;G0S2;GJA3;SOX1;FOXI2,1.2031121253967285
COAD,18,59,CGBoost,ok,,216,56,1855;4098;6643;4321;1222;7701;5148;5644;4355;1177;2243;4273;1021;986;2102;7808;3635;4940;2870;1355,CWH43;KRT40;SLC30A4;LRP3;CCL11;UGT3A1;ONECUT2;PPARGC1B;LRRC7;CCDC152;EFCAB1;LNPEP;CA1;C7orf31;DNAJB4;WBSCR28;IGSF9B;NKAPL;FZD4;CDH11,29.851879119873047
COAD,18,59,RSF,ok,,216,56,2549;1700;4097;1854;4161;6139;7807;2332;781;4824;2101;3187;4493;5819;3462;4644;4776;407;5277;3476,FAM24B;COLEC11;KRT4;CUZD1;LCN8;RNF32;WBSCR27;ENO3;C12orf42;NAT1;DNAJB13;GRAPL;MBL1P;PTH2R;HOXC13;MPP2;MYO16;APC2;PCBP3;HPCAL4,5.076095104217529
COAD,19,60,MKG,ok,,216,54,3462;3896;354;3126;1179;5234;7875;4354;7252;4067;7113;1069;5649;6686;997;3791;5049;7620;2332;5278,HOXC13;KCNMB3;ANKRD24;GPR156;CCDC154;PANX2;XBP1;LRRC69;TIGD1;KNDC1;TAS2R20;CALB2;PPFIA4;SLC4A4;C8orf4;ITLN1;NRG1;TTC9B;ENO3;PCCA,84.20282101631165
COAD,19,60,Uni-Cox,ok,,216,54,3462;7201;1221;7031;1020;354;6328;3896;1767;604;3330;6712;4220;7342;5649;3791;547;7908;2288;997,HOXC13;TFAP2B;CCKBR;SULT1B1;C9orf96;ANKRD24;SCRT1;KCNMB3;CRHR1;B3GNT6;HEPACAM2;SLC6A3;LHX3;TMEM198;PPFIA4;ITLN1;ATOH1;ZC3H12C;ELFN1;C8orf4,0.08169841766357422
COAD,19,60,Cox-Lasso,ok,,216,54,3150;354;5043;6701;2242;2450;5366;2869;7850;7921;3878;1277;3122;3092;4300;7710;977;2493;5688;1854,GPR55;ANKRD24;NR5A2;SLC6A1;EEPD1;FAAH;PDK4;FZD3;WNT10B;ZDHHC8;KCNJ6;CD1A;GPR150;GPC1;LPPR1;ULK4;C6orf223;FAM150A;PRCD;CUZD1,0.7252707481384277
COAD,19,60,Cox-EN,ok,,216,54,3150;5043;354;6701;5366;3092;3122;1277;5688;3462;2869;673;7921;4354;8058;1720;2493;6247;7850;6712,GPR55;NR5A2;ANKRD24;SLC6A1;PDK4;GPC1;GPR150;CD1A;PRCD;HOXC13;FZD3;BEST4;ZDHHC8;LRRC69;ZNF501;CPA2;FAM150A;S100A7A;WNT10B;SLC6A3,1.0203654766082764
COAD,19,60,CGBoost,ok,,216,54,3463;355;2243;5650;1021;7032;4712;5793;6713;7909;5875;3897;1855;5468;1222;1725;4940;1677;2886;5378,HOXC4;ANKRD26;EFCAB1;PPIC;CA1;SULT1C2;MTUS2;PSPH;SLC6A4;ZC3H12D;QRFPR;KCNMB4;CWH43;PIPOX;CCL11;CPAMD8;NKAPL;COL27A1;GABRG2;PDZK1,29.953212022781372
COAD,19,60,RSF,ok,,216,54,3462;5874;2885;5792;4067;2242;7368;922;2920;1386;3312;4711;1103;5807;4214;2288;4644;2119;6686;16,HOXC13;QRFP;GABRD;PSORS1C3;KNDC1;EEPD1;TMEM56;C2orf50;GAST;CDKN2A;HCN2;MTUS1;CAPN9;PTGER2;LHB;ELFN1;MPP2;DNM1;SLC4A4;ABCA17P,5.329602956771851
COAD,20,61,MKG,ok,,216,49,4354;3462;3406;5049;1408;7031;5643;7113;6262;676;7908;1767;1278;1277;3375;571;4366;4922;3726;924,LRRC69;HOXC13;HIST2H2BE;NRG1;CEACAM5;SULT1B1;PPARGC1A;TAS2R20;SALL1;BGLAP;ZC3H12C;CRHR1;CD1B;CD1A;HIST1H2AE;ATP6V1B1;LRRN4;NGF;IP6K3;C2orf61,75.7189793586731
COAD,20,61,Uni-Cox,ok,,216,49,78;1767;3462;4711;4922;1577;6262;7908;2869;547;4150;3400;2346;5049;3973;2631;5643;2242;5516;3330,ACMSD;CRHR1;HOXC13;MTUS1;NGF;CLEC18C;SALL1;ZC3H12C;FZD3;ATOH1;LBX2;HIST1H4H;ENTPD4;NRG1;KIF13B;FBXO16;PPARGC1A;EEPD1;PLAG1;HEPACAM2,0.07980847358703613
COAD,20,61,Cox-Lasso,ok,,216,49,7921;4493;286;1277;3150;3336;3726;2242;6167;7929;1700;354;5649;1444;525;7174;4409;1264;78;3462,ZDHHC8;MBL1P;ALDOC;CD1A;GPR55;HERC6;IP6K3;EEPD1;RPL13P5;ZFP3;COLEC11;ANKRD24;PPFIA4;CERK;ASPHD1;TDRD1;LYPD2;CCR9;ACMSD;HOXC13,0.6620211601257324
COAD,20,61,Cox-EN,ok,,216,49,1277;7921;4493;3336;286;7850;5149;78;7929;1444;3150;1700;525;4409;7211;3427;1577;5043;1264;94,CD1A;ZDHHC8;MBL1P;HERC6;ALDOC;WNT10B;ONECUT3;ACMSD;ZFP3;CERK;GPR55;COLEC11;ASPHD1;LYPD2;TFR2;HMX2;CLEC18C;NR5A2;CCR9;ACSL5,0.9023749828338623
COAD,20,61,CGBoost,ok,,216,49,79;5050;1177;4712;2870;6263;3463;5793;2243;4923;1768;2960;925;4961;1279;5644;986;3830;3527;3151,ACN9;NRG2;CCDC152;MTUS2;FZD4;SALL2;HOXC4;PSPH;EFCAB1;NGFR;CRHR2;GDF5;C2orf66;NME1;CD1C;PPARGC1B;C7orf31;KBTBD11;HSPA1B;GPR56,30.097082138061523
COAD,20,61,RSF,ok,,216,49,4161;6139;1176;5685;3462;3726;2242;5686;407;7113;1974;561;4412;5467;3400;5049;4186;3973;961;700,LCN8;RNF32;CCDC151;PRB1;HOXC13;IP6K3;EEPD1;PRB2;APC2;TAS2R20;DDIT3;ATP2A3;LYPD6;PIP5KL1;HIST1H4H;NRG1;LEP;KIF13B;C5orf46;BMP5,7.261408805847168
COAD,21,62,MKG,ok,,216,47,4939;4320;108;4067;4354;3896;901;6498;3494;1768;1086;5649;5643;8187;578;2323;1767;3232;1221;3126,NKAIN4;LRP2;ACTN2;KNDC1;LRRC69;KCNMB3;C21orf119;SIGLEC14;HRH3;CRHR2;CAMK2B;PPFIA4;PPARGC1A;ZNF90;ATP8B1;EN1;CRHR1;GSR;CCKBR;GPR156,77.48934769630432
COAD,21,62,Uni-Cox,ok,,216,47,7201;1221;4939;108;4644;1767;4320;3126;5649;6642;6092;7637;6712;4874;6660;1722;547;2771;1768;4974,TFAP2B;CCKBR;NKAIN4;ACTN2;MPP2;CRHR1;LRP2;GPR156;PPFIA4;SLC30A3;RIMKLB;TUBA8;SLC6A3;NECAB2;SLC38A8;CPA4;ATOH1;FNDC5;CRHR2;NOG,0.08236813545227051
COAD,21,62,Cox-Lasso,ok,,216,47,3166;4067;1278;3122;6287;7268;5688;1015;1907;7831;1768;209;6498;5304;4642;1720;1854;7211;2959;1277,GPRC5B;KNDC1;CD1B;GPR150;SCAND3;TLE6;PRCD;C9orf43;CYP2S1;WFDC10B;CRHR2;AGAP7;SIGLEC14;PCDHB2;MPL;CPA2;CUZD1;TFR2;GDF15;CD1A,0.7471885681152344
COAD,21,62,Cox-EN,ok,,216,47,3122;6498;1278;783;4067;1854;209;7268;1923;3166;5688;915;7831;1277;1907;5304;5393;54;1768;6287,GPR150;SIGLEC14;CD1B;C12orf56;KNDC1;CUZD1;AGAP7;TLE6;CYP7A1;GPRC5B;PRCD;C2CD4B;WFDC10B;CD1A;CYP2S1;PCDHB2;PEX5L;ABHD8;CRHR2;SCAND3,1.0813579559326172
COAD,21,62,CGBoost,ok,,216,47,4940;6499;902;8188;4068;4645;5875;1723;5650;4321;7638;1279;548;6093;5267;109;2324;1924;5644;2960,NKAPL;SIGLEC15;C21orf49;ZNF93;KNG1;MPP3;QRFPR;CPA5;PPIC;LRP3;TUBAL3;CD1C;ATOH7;RIMS1;PAX7;ACTR3C;EN2;CYP7B1;PPARGC1B;GDF5,32.78992199897766
COAD,21,62,RSF,ok,,216,47,3073;4067;5649;1743;5874;5421;8187;6026;6234;2885;4493;6498;1768;3070;3166;2959;7757;7426;5953;5792,GNMT;KNDC1;PPFIA4;CPNE9;QRFP;PHACTR3;ZNF90;RFPL3S;RYR2;GABRD;MBL1P;SIGLEC14;CRHR2;GNGT1;GPRC5B;GDF15;VAX2;TNFRSF19;RASL10A;PSORS1C3,6.219364881515503
COAD,22,63,MKG,ok,,216,54,354;886;1069;5643;7031;2101;3896;3427;3675;4493;3126;2869;571;7620;1854;4097;4939;943;4445;1086,ANKRD24;C1orf61;CALB2;PPARGC1A;SULT1B1;DNAJB13;KCNMB3;HMX2;IL20RB;MBL1P;GPR156;FZD3;ATP6V1B1;TTC9B;CUZD1;KRT4;NKAIN4;C3orf72;MAN2A1;CAMK2B,77.36700201034546
COAD,22,63,Uni-Cox,ok,,216,54,7196;7201;1221;354;4493;886;3675;943;2869;3126;5643;7031;6951;2845;4301;407;571;4214;2385;3933,TEX15;TFAP2B;CCKBR;ANKRD24;MBL1P;C1orf61;IL20RB;C3orf72;FZD3;GPR156;PPARGC1A;SULT1B1;SSPO;FTCD;LPPR3;APC2;ATP6V1B1;LHB;ERBB4;KHDC1L,0.0766608715057373
COAD,22,63,Cox-Lasso,ok,,216,54,5589;1854;2869;4992;490;3347;5366;783;3122;7620;1278;31;6701;884;5686;3570;7170;4493;1533;5874,PNLDC1;CUZD1;FZD3;NOXO1;ARMC3;HEYL;PDK4;C12orf56;GPR150;TTC9B;CD1B;ABCC11;SLC6A1;C1orf53;PRB2;ID1;TCTEX1D4;MBL1P;CITED2;QRFP,0.8059978485107422
COAD,22,63,Cox-EN,ok,,216,54,1854;5589;783;4992;5366;2869;490;6701;3122;5149;1380;1264;1278;3281;658;884;1768;4493;1417;4088,CUZD1;PNLDC1;C12orf56;NOXO1;PDK4;FZD3;ARMC3;SLC6A1;GPR150;ONECUT3;CDK5R2;CCR9;CD1B;HAL;BCMO1;C1orf53;CRHR2;MBL1P;CECR6;KRT24,1.1693580150604248
COAD,22,63,CGBoost,ok,,216,54,2870;355;1855;4494;5150;1070;1222;1279;7805;2102;5644;3282;4068;4215;944;3676;4184;408;5875;7032,FZD4;ANKRD26;CWH43;MBOAT1;OOEP;CALCA;CCL11;CD1C;WBP2NL;DNAJB4;PPARGC1B;HAMP;KNG1;LHFP;C4A;IL21R;LEMD1;APCDD1;QRFPR;SULT1C2,33.59112071990967
COAD,22,63,RSF,ok,,216,54,7743;7446;5874;2101;354;2869;4776;2885;7622;3126;7268;7147;7368;5149;4150;3871;4067;2385;3400;1264,UTS2;TNK2;QRFP;DNAJB13;ANKRD24;FZD3;MYO16;GABRD;TTLL13;GPR156;TLE6;TCAP;TMEM56;ONECUT3;LBX2;KCNJ14;KNDC1;ERBB4;HIST1H4H;CCR9,4.9702208042144775
COAD,23,64,MKG,ok,,216,53,5234;7113;781;4320;3126;6642;5752;1278;1221;3675;3462;3407;5643;1069;3004;7252;4939;3406;108;4776,PANX2;TAS2R20;C12orf42;LRP2;GPR156;SLC30A3;PRR4;CD1B;CCKBR;IL20RB;HOXC13;HIST2H2BF;PPARGC1A;CALB2;GJA3;TIGD1;NKAIN4;HIST2H2BE;ACTN2;MYO16,91.37399220466614
COAD,23,64,Uni-Cox,ok,,216,53,1959;1221;7701;7201;5234;4320;4974;3933;1717;6642;108;781;6705;4776;4150;1767;1775;2845;3407;1372,DCAF4L2;CCKBR;UGT3A1;TFAP2B;PANX2;LRP2;NOG;KHDC1L;COX7B2;SLC30A3;ACTN2;C12orf42;SLC6A15;MYO16;LBX2;CRHR1;CRLF1;FTCD;HIST2H2BF;CDH8,0.08968043327331543
COAD,23,64,Cox-Lasso,ok,,216,53,1278;3004;49;7635;783;5149;7620;6909;3940;2242;5596;3840;328;3374;3878;3092;5167;3058;4241;7929,CD1B;GJA3;ABHD12B;TUBA3D;C12orf56;ONECUT3;TTC9B;SPOCK3;KIAA0319;EEPD1;PNMT;KCNAB2;AMT;HIST1H2AD;KCNJ6;GPC1;OR4C6;GNAZ;LIME1;ZFP3,0.6819977760314941
COAD,23,64,Cox-EN,ok,,216,53,1278;783;3004;7635;3940;5149;2577;3242;49;7217;4354;2059;1630;7929;7068;4241;4091;6909;7620;2867,CD1B;C12orf56;GJA3;TUBA3D;KIAA0319;ONECUT3;FAM69C;GSTP1;ABHD12B;TGFB2;LRRC69;DLGAP1;CNGB3;ZFP3;SYNPO2L;LIME1;KRT34;SPOCK3;TTC9B;FZD10,1.1254243850708008
COAD,23,64,CGBoost,ok,,216,53,5235;4321;1222;1279;1855;782;7253;2243;4975;7218;4092;3372;5644;1130;4151;5148;355;2789;6643;607,PAOX;LRP3;CCL11;CD1C;CWH43;C12orf5;TIGD3;EFCAB1;NOL4;TGFB3;KRT35;HIST1H1E;PPARGC1B;CAV1;LCA5;ONECUT2;ANKRD26;FOXD2;SLC30A4;B3GNT9,27.536932468414307
COAD,23,64,RSF,ok,,216,53,7807;49;4183;4091;781;3462;3173;5234;3406;4824;7369;4366;1129;4150;5649;6517;5135;3004;2288;7552,WBSCR27;ABHD12B;LEKR1;KRT34;C12orf42;HOXC13;GPSM1;PANX2;HIST2H2BE;NAT1;TMEM59L;LRRN4;CATSPERG;LBX2;PPFIA4;SIX2;OLFM2;GJA3;ELFN1;TRPC1,5.031213760375977
COAD,24,65,MKG,ok,,216,54,571;108;7113;5649;354;1278;3126;1767;6026;5533;4320;5297;4067;5234;5874;2323;5302;1887;6678;1368,ATP6V1B1;ACTN2;TAS2R20;PPFIA4;ANKRD24;CD1B;GPR156;CRHR1;RFPL3S;PLCH2;LRP2;PCDHB12;KNDC1;PANX2;QRFP;EN1;PCDHB17;CYP19A1;SLC46A2;CDH4,85.71922469139099
COAD,24,65,Uni-Cox,ok,,216,54,1767;108;6642;571;5649;7201;1887;5393;5819;78;3933;5404;354;1020;1221;6678;5549;7540;369;1368,CRHR1;ACTN2;SLC30A3;ATP6V1B1;PPFIA4;TFAP2B;CYP19A1;PEX5L;PTH2R;ACMSD;KHDC1L;PGAM2;ANKRD24;C9orf96;CCKBR;SLC46A2;PLEKHG4B;TRIM67;ANKRD6;CDH4,0.06903958320617676
COAD,24,65,Cox-Lasso,ok,,216,54,6;1278;783;3469;5975;1976;1854;6465;3058;8187;398;1343;354;2260;6295;4083;924;6678;454;7072,AADAT;CD1B;C12orf56;HOXD13;RBP1;DDIT4L;CUZD1;SH3GL2;GNAZ;ZNF90;AP1S3;CDC42BPA;ANKRD24;EFR3B;SCARNA9;KRT18;C2orf61;SLC46A2;ARC;SYT10,0.65032958984375
COAD,24,65,Cox-EN,ok,,216,54,783;6;1278;1277;5975;3469;8187;1854;570;2260;1630;6465;1417;1343;7921;4067;3726;6295;1976;5366,C12orf56;AADAT;CD1B;CD1A;RBP1;HOXD13;ZNF90;CUZD1;ATP6V0E2;EFR3B;CNGB3;SH3GL2;CECR6;CDC42BPA;ZDHHC8;KNDC1;IP6K3;SCARNA9;DDIT4L;PDK4,1.0074913501739502
COAD,24,65,CGBoost,ok,,216,54,1279;6643;5650;1768;1855;1888;109;8188;2960;355;3863;79;3059;5644;1021;38;3635;1369;5793;6702,CD1C;SLC30A4;PPIC;CRHR2;CWH43;CYP1A1;ACTR3C;ZNF93;GDF5;ANKRD26;KCNH8;ACN9;GNB1L;PPARGC1B;CA1;ABCC6P1;IGSF9B;CDH5;PSPH;SLC6A10P,27.576904296875
COAD,24,65,RSF,ok,,216,54,4067;7637;1278;3070;3523;490;7804;2885;5874;4366;6026;4150;5649;5643;1768;3312;3400;4922;3025;7113,KNDC1;TUBA8;CD1B;GNGT1;HSP90AB2P;ARMC3;WASH5P;GABRD;QRFP;LRRN4;RFPL3S;LBX2;PPFIA4;PPARGC1A;CRHR2;HCN2;HIST1H4H;NGF;GLDN;TAS2R20,5.33622670173645
COAD,25,66,MKG,ok,,216,53,3126;1767;3373;4445;4493;1069;6951;354;2959;4939;3375;3382;2845;7620;490;5516;5643;6660;7252;5393,GPR156;CRHR1;HIST1H2AC;MAN2A1;MBL1P;CALB2;SSPO;ANKRD24;GDF15;NKAIN4;HIST1H2AE;HIST1H2BD;FTCD;TTC9B;ARMC3;PLAG1;PPARGC1A;SLC38A8;TIGD1;PEX5L,78.73767566680908
COAD,25,66,Uni-Cox,ok,,216,53,1221;7201;2845;1767;6951;3400;7701;5393;3126;4939;354;5649;78;5643;3903;4366;1923;2959;6678;5467,CCKBR;TFAP2B;FTCD;CRHR1;SSPO;HIST1H4H;UGT3A1;PEX5L;GPR156;NKAIN4;ANKRD24;PPFIA4;ACMSD;PPARGC1A;KCNQ2;LRRN4;CYP7A1;GDF15;SLC46A2;PIP5KL1,0.08394575119018555
COAD,25,66,Cox-Lasso,ok,,216,53,786;490;1854;3402;7174;4927;964;1264;4493;1278;7799;6428;7921;5969;4089;4354;525;5676;4992;7268,C12orf63;ARMC3;CUZD1;HIST1H4J;TDRD1;NHLRC4;C5orf52;CCR9;MBL1P;CD1B;VWDE;SFTA2;ZDHHC8;RBM24;KRT31;LRRC69;ASPHD1;PPP2R2C;NOXO1;TLE6,0.9446303844451904
COAD,25,66,Cox-EN,ok,,216,53,786;490;4493;5969;3374;4927;1854;6509;964;2310;1278;525;5366;4354;7174;5874;4089;7211;7921;354,C12orf63;ARMC3;MBL1P;RBM24;HIST1H2AD;NHLRC4;CUZD1;SIPA1L2;C5orf52;EMILIN3;CD1B;ASPHD1;PDK4;LRRC69;TDRD1;QRFP;KRT31;TFR2;ZDHHC8;ANKRD24,1.356191635131836
COAD,25,66,CGBoost,ok,,216,53,4940;2846;1279;787;355;7621;491;5644;1958;6952;4367;3375;1855;4928;1222;2960;5394;5650;4446;1177,NKAPL;FUT1;CD1C;C12orf68;ANKRD26;TTLL10;ARMC4;PPARGC1B;DCAF4L1;SST;LRRN4CL;HIST1H2AE;CWH43;NID1;CCL11;GDF5;PEX6;PPIC;MANEAL;CCDC152,33.29428720474243
COAD,25,66,RSF,ok,,216,53,4366;7620;4613;5164;6509;547;6951;6761;2243;3862;5105;6565;6712;4150;6420;6147;6441;3462;6660;407,LRRN4;TTC9B;MMP23B;OR2B6;SIPA1L2;ATOH1;SSPO;SLN;EFCAB1;KCNH7;NXNL2;SLC16A8;SLC6A3;LBX2;SEZ6L2;ROBO3;SGCG;HOXC13;SLC38A8;APC2,5.614561557769775
COAD,26,67,MKG,ok,,216,52,4354;3820;4320;3973;5792;6712;5953;2332;5234;6177;6701;4366;4922;5516;4824;209;7252;6678;5706;3091,LRRC69;KAAG1;LRP2;KIF13B;PSORS1C3;SLC6A3;RASL10A;ENO3;PANX2;RPLP0P2;SLC6A1;LRRN4;NGF;PLAG1;NAT1;AGAP7;TIGD1;SLC46A2;PRH2;GPBAR1,78.8932192325592
COAD,26,67,Uni-Cox,ok,,216,52,4320;2845;4366;4493;6678;1221;5704;6441;4939;5234;108;4824;5516;4776;369;4161;3400;6712;2332;5649,LRP2;FTCD;LRRN4;MBL1P;SLC46A2;CCKBR;PRG4;SGCG;NKAIN4;PANX2;ACTN2;NAT1;PLAG1;MYO16;ANKRD6;LCN8;HIST1H4H;SLC6A3;ENO3;PPFIA4,0.09760880470275879
COAD,26,67,Cox-Lasso,ok,,216,52,3004;3122;5688;6712;637;6701;4493;5065;1720;1854;7150;4354;4161;286;7916;7914;3427;2613;1417;4170,GJA3;GPR150;PRCD;SLC6A3;BBC3;SLC6A1;MBL1P;NRXN3;CPA2;CUZD1;TCF12;LRRC69;LCN8;ALDOC;ZDHHC19;ZDBF2;HMX2;FBLL1;CECR6;LDHAL6A,0.8850717544555664
COAD,26,67,Cox-EN,ok,,216,52,3122;3004;5688;6712;3427;4493;4161;7150;7916;637;6701;2613;4170;4354;1792;7962;912;8001;1278;1923,GPR150;GJA3;PRCD;SLC6A3;HMX2;MBL1P;LCN8;TCF12;ZDHHC19;BBC3;SLC6A1;FBLL1;LDHAL6A;LRRC69;CRYZ;ZNF132;C22orf34;ZNF300;CD1B;CYP7A1,1.2442712783813477
COAD,26,67,CGBoost,ok,,216,52,1580;4321;4367;5954;4940;355;5793;3844;4162;5235;7963;1855;3883;2846;7915;1279;3821;5644;3524;6713,CLEC2B;LRP3;LRRN4CL;RASL10B;NKAPL;ANKRD26;PSPH;KCNC1;LCNL1;PAOX;ZNF133;CWH43;KCNK12;FUT1;ZDHHC11;CD1C;KALRN;PPARGC1B;HSPA12A;SLC6A4,30.67149567604065
COAD,26,67,RSF,ok,,216,52,3973;4067;3820;2332;4183;901;1054;7804;6548;8;4366;4354;209;4493;3717;5752;5277;1577;4776;5953,KIF13B;KNDC1;KAAG1;ENO3;LEKR1;C21orf119;CACNB1;WASH5P;SLC13A5;AASS;LRRN4;LRRC69;AGAP7;MBL1P;INSC;PRR4;PCBP3;CLEC18C;MYO16;RASL10A,7.045517444610596
COAD,27,68,MKG,ok,,216,54,5234;7757;4939;1212;1176;5649;5643;1278;6177;4493;354;961;6686;4922;1020;4354;6178;4006;3988;5706,PANX2;VAX2;NKAIN4;CCDC85B;CCDC151;PPFIA4;PPARGC1A;CD1B;RPLP0P2;MBL1P;ANKRD24;C5orf46;SLC4A4;NGF;C9orf96;LRRC69;RPP25;KL;KIF5C;PRH2,77.90883564949036
COAD,27,68,Uni-Cox,ok,,216,54,1221;5234;7757;1020;4493;354;961;4939;5643;4974;1767;7637;4816;369;3126;5649;1176;525;6701;1854,CCKBR;PANX2;VAX2;C9orf96;MBL1P;ANKRD24;C5orf46;NKAIN4;PPARGC1A;NOG;CRHR1;TUBA8;NALCN;ANKRD6;GPR156;PPFIA4;CCDC151;ASPHD1;SLC6A1;CUZD1,0.07575774192810059
COAD,27,68,Cox-Lasso,ok,,216,54,6701;84;3427;3150;549;4953;884;7710;1343;5551;5589;7682;783;4161;1020;1630;6686;5686;692;2310,SLC6A1;ACOXL;HMX2;GPR55;ATOH8;NLRP14;C1orf53;ULK4;CDC42BPA;PLEKHG6;PNLDC1;UCA1;C12orf56;LCN8;C9orf96;CNGB3;SLC4A4;PRB2;BLMH;EMILIN3,0.7379043102264404
COAD,27,68,Cox-EN,ok,,216,54,783;5589;4161;1923;7916;3427;3150;4354;5686;3122;1020;1278;6108;6701;7710;4409;1630;1854;7174;490,C12orf56;PNLDC1;LCN8;CYP7A1;ZDHHC19;HMX2;GPR55;LRRC69;PRB2;GPR150;C9orf96;CD1B;RNASE13;SLC6A1;ULK4;LYPD2;CNGB3;CUZD1;TDRD1;ARMC3,1.207932710647583
COAD,27,68,CGBoost,ok,,216,54,1279;1855;1021;355;5644;5235;4940;693;2243;4494;3123;1177;7638;7711;287;962;4954;5793;5590;4098,CD1C;CWH43;CA1;ANKRD26;PPARGC1B;PAOX;NKAPL;BLNK;EFCAB1;MBOAT1;GPR152;CCDC152;TUBAL3;UMODL1;ALG10B;C5orf48;NLRP2;PSPH;PNLIP;KRT40,32.37450432777405
COAD,27,68,RSF,ok,,216,54,1278;4183;4953;4354;5274;5421;2101;4067;1854;6686;4097;4493;7637;2869;4927;985;2242;4445;7113;5685,CD1B;LEKR1;NLRP14;LRRC69;PBX4;PHACTR3;DNAJB13;KNDC1;CUZD1;SLC4A4;KRT4;MBL1P;TUBA8;FZD3;NHLRC4;C7orf13;EEPD1;MAN2A1;TAS2R20;PRB1,5.2859907150268555
COAD,28,69,MKG,ok,,216,55,5649;6028;4067;2885;700;1176;1767;4320;4939;3004;4354;5234;3820;1278;7031;5953;4097;4049;2263;7454,PPFIA4;RFPL4B;KNDC1;GABRD;BMP5;CCDC151;CRHR1;LRP2;NKAIN4;GJA3;LRRC69;PANX2;KAAG1;CD1B;SULT1B1;RASL10A;KRT4;KLK4;EGFL7;TNNT1,81.8215126991272
COAD,28,69,Uni-Cox,ok,,216,55,1959;7201;1767;5649;1717;1221;6642;1176;5234;4320;354;4974;6678;6660;886;5393;6028;4939;3004;786,DCAF4L2;TFAP2B;CRHR1;PPFIA4;COX7B2;CCKBR;SLC30A3;CCDC151;PANX2;LRP2;ANKRD24;NOG;SLC46A2;SLC38A8;C1orf61;PEX5L;RFPL4B;NKAIN4;GJA3;C12orf63,0.08283114433288574
COAD,28,69,Cox-Lasso,ok,,216,55,786;5393;783;3004;6931;1216;549;7916;1277;3969;1923;2059;1278;1630;4992;4927;7202;5589;7072;1854,C12orf63;PEX5L;C12orf56;GJA3;SPTLC3;CCDC89;ATOH8;ZDHHC19;CD1A;KIAA1958;CYP7A1;DLGAP1;CD1B;CNGB3;NOXO1;NHLRC4;TFAP2C;PNLDC1;SYT10;CUZD1,0.7728862762451172
COAD,28,69,Cox-EN,ok,,216,55,783;3004;786;1630;5589;5393;1216;1854;1278;1277;7174;2059;4354;549;4927;6931;49;916;4992;917,C12orf56;GJA3;C12orf63;CNGB3;PNLDC1;PEX5L;CCDC89;CUZD1;CD1B;CD1A;TDRD1;DLGAP1;LRRC69;ATOH8;NHLRC4;SPTLC3;ABHD12B;C2CD4C;NOXO1;C2CD4D,1.238034963607788
COAD,28,69,CGBoost,ok,,216,55,1279;7621;1177;5650;6643;1855;3401;50;787;4321;3005;5954;2151;355;4643;6679;1789;1718;4940;6853,CD1C;TTLL10;CCDC152;PPIC;SLC30A4;CWH43;HIST1H4I;ABHD14A;C12orf68;LRP3;GJA4;RASL10B;DPT;ANKRD26;MPO;SLC46A3;CRYGS;CP;NKAPL;SOX7,33.433313608169556
COAD,28,69,RSF,ok,,216,55,3973;49;209;1277;7268;5274;1278;2788;4067;2113;2885;811;7454;5874;1788;3904;6261;4150;4445;2332,KIF13B;ABHD12B;AGAP7;CD1A;TLE6;PBX4;CD1B;FOXD1;KNDC1;DNASE1L2;GABRD;C16orf74;TNNT1;QRFP;CRYBB3;KCNQ3;SACS;LBX2;MAN2A1;ENO3,5.291990756988525
COAD,29,70,MKG,ok,,216,47,4354;354;4320;4493;6028;5643;5234;571;886;798;4301;3896;108;5752;1221;3126;2900;6678;7068;2845,LRRC69;ANKRD24;LRP2;MBL1P;RFPL4B;PPARGC1A;PANX2;ATP6V1B1;C1orf61;C15orf26;LPPR3;KCNMB3;ACTN2;PRR4;CCKBR;GPR156;GALNT14;SLC46A2;SYNPO2L;FTCD,79.52726316452026
COAD,29,70,Uni-Cox,ok,,216,47,7201;1221;3933;4320;6678;2845;108;5649;3126;1732;571;78;354;6565;5549;886;5297;5404;5643;5234,TFAP2B;CCKBR;KHDC1L;LRP2;SLC46A2;FTCD;ACTN2;PPFIA4;GPR156;CPLX3;ATP6V1B1;ACMSD;ANKRD24;SLC16A8;PLEKHG4B;C1orf61;PCDHB12;PGAM2;PPARGC1A;PANX2,0.08358097076416016
COAD,29,70,Cox-Lasso,ok,,216,47,1417;1854;4354;6498;4493;1277;2310;766;7068;571;3634;570;1176;5268;783;2242;2675;918;6666;2067,CECR6;CUZD1;LRRC69;SIGLEC14;MBL1P;CD1A;EMILIN3;C11orf52;SYNPO2L;ATP6V1B1;IGSF9;ATP6V0E2;CCDC151;PAX8;C12orf56;EEPD1;FER;C2orf16;SLC40A1;DLL4,0.5842626094818115
COAD,29,70,Cox-EN,ok,,216,47,1854;4354;6498;1417;4493;766;1277;2310;2260;7068;5649;2686;2523;5297;5149;5268;4642;783;78;5467,CUZD1;LRRC69;SIGLEC14;CECR6;MBL1P;C11orf52;CD1A;EMILIN3;EFR3B;SYNPO2L;PPFIA4;FEZF1;FAM180B;PCDHB12;ONECUT3;PAX8;MPL;C12orf56;ACMSD;PIP5KL1,0.8691627979278564
COAD,29,70,CGBoost,ok,,216,47,1855;2311;5650;2846;355;1177;1222;4355;4321;5298;5644;6679;6499;572;1021;5954;6702;79;7069;4940,CWH43;EML1;PPIC;FUT1;ANKRD26;CCDC152;CCL11;LRRC7;LRP3;PCDHB13;PPARGC1B;SLC46A3;SIGLEC15;ATP6V1C2;CA1;RASL10B;SLC6A10P;ACN9;SYNPR;NKAPL,31.010109424591064
COAD,29,70,RSF,ok,,216,47,2310;631;1854;3373;354;3400;4502;3312;5874;4974;4354;5649;3406;1020;6052;4776;1887;2288;7700;1153,EMILIN3;BARX1;CUZD1;HIST1H2AC;ANKRD24;HIST1H4H;MCHR1;HCN2;QRFP;NOG;LRRC69;PPFIA4;HIST2H2BE;C9orf96;RGS17;MYO16;CYP19A1;ELFN1;UGT2B7;CCDC108,7.3090410232543945
COAD,30,71,MKG,ok,,216,52,354;3896;108;7113;2885;4493;5649;3375;6642;3406;6028;7252;798;924;1221;7804;6234;5300;5874;1767,ANKRD24;KCNMB3;ACTN2;TAS2R20;GABRD;MBL1P;PPFIA4;HIST1H2AE;SLC30A3;HIST2H2BE;RFPL4B;TIGD1;C15orf26;C2orf61;CCKBR;WASH5P;RYR2;PCDHB15;QRFP;CRHR1,76.8089644908905
COAD,30,71,Uni-Cox,ok,,216,52,7201;1221;108;354;6642;1767;2502;2885;7804;4493;2845;5649;2332;3896;1577;2813;5423;6701;571;3400,TFAP2B;CCKBR;ACTN2;ANKRD24;SLC30A3;CRHR1;FAM160A1;GABRD;WASH5P;MBL1P;FTCD;PPFIA4;ENO3;KCNMB3;CLEC18C;FOXS1;PHF21B;SLC6A1;ATP6V1B1;HIST1H4H,0.08663535118103027
COAD,30,71,Cox-Lasso,ok,,216,52,1854;3122;2260;4493;1630;3150;7921;6701;434;5882;1533;3166;5589;7916;1176;1417;1278;783;490;2059,CUZD1;GPR150;EFR3B;MBL1P;CNGB3;GPR55;ZDHHC8;SLC6A1;APOH;RAB17;CITED2;GPRC5B;PNLDC1;ZDHHC19;CCDC151;CECR6;CD1B;C12orf56;ARMC3;DLGAP1,0.7704727649688721
COAD,30,71,Cox-EN,ok,,216,52,783;1630;5589;1854;3122;4493;7921;1417;2260;4992;6712;5688;2059;3150;1923;6701;7916;4089;1278;354,C12orf56;CNGB3;PNLDC1;CUZD1;GPR150;MBL1P;ZDHHC8;CECR6;EFR3B;NOXO1;SLC6A3;PRCD;DLGAP1;GPR55;CYP7A1;SLC6A1;ZDHHC19;KRT31;CD1B;ANKRD24,1.173530101776123
COAD,30,71,CGBoost,ok,,216,52,355;6643;1855;5301;925;1177;2503;4098;7805;1222;3401;5954;6186;2261;1279;4494;5875;3647;5650;2846,ANKRD26;SLC30A4;CWH43;PCDHB16;C2orf66;CCDC152;FAM161B;KRT40;WBP2NL;CCL11;HIST1H4I;RASL10B;RPS3A;EFS;CD1C;MBOAT1;QRFPR;IL12RB1;PPIC;FUT1,31.381532907485962
COAD,30,71,RSF,ok,,216,52,1700;5953;2332;5277;2885;4939;8187;4056;6642;1176;985;3187;4183;4445;407;5054;7804;6441;6488;6480,COLEC11;RASL10A;ENO3;PCBP3;GABRD;NKAIN4;ZNF90;KLKP1;SLC30A3;CCDC151;C7orf13;GRAPL;LEKR1;MAN2A1;APC2;NRIP2;WASH5P;SGCG;SHISA7;SHD,6.012680292129517
