Cancer,Repeat,Method,Selected alpha,Subsample n,Event n,Nonzero,Top20 indices,Top20 genes
LIHC,1,CV-Cox-Lasso,0.07913930849355136,286,105,48,743;5899;6618;149;1035;3530;745;5816;2854;3189;4089;6937;4869;3802;5627;1163;6796;4096;3524;5587,BOC;PZP;SLC16A11;ADAMTS5;C9orf163;HOXD9;BOP1;PSRC1;FRMD1;GPR18;KLRB1;SPA17;NBPF4;ISM2;POLR3G;CBX2;SLC6A3;KLRK1;HOXD10;PLOD2
LIHC,1,CV-Cox-EN,0.15827861698710272,286,105,61,6618;5899;743;1035;149;3530;745;2854;4089;5627;3189;6937;4869;3802;3524;5816;4096;5587;1163;6900,SLC16A11;PZP;BOC;C9orf163;ADAMTS5;HOXD9;BOP1;FRMD1;KLRB1;POLR3G;GPR18;SPA17;NBPF4;ISM2;HOXD10;PSRC1;KLRK1;PLOD2;CBX2;SOCS2
LIHC,2,CV-Cox-Lasso,0.07913930849355136,286,104,41,3757;3524;4595;6374;6900;1482;1035;2137;3827;149;6618;351;6327;2716;5378;5899;5053;2210;6937;6120,INPP4B;HOXD10;MGMT;SCN2B;SOCS2;CGNL1;C9orf163;DNAJC6;ITGB7;ADAMTS5;SLC16A11;ANKRD13B;SAMD13;FER1L5;PDE6C;PZP;NR2E3;DTD1;SPA17;RHEBL1
LIHC,2,CV-Cox-EN,0.15827861698710272,286,104,54,4595;3757;1482;6374;3524;6900;1035;2137;3827;149;6618;6986;6327;5378;351;5899;3530;6120;5053;6937,MGMT;INPP4B;CGNL1;SCN2B;HOXD10;SOCS2;C9orf163;DNAJC6;ITGB7;ADAMTS5;SLC16A11;SPP1;SAMD13;PDE6C;ANKRD13B;PZP;HOXD9;RHEBL1;NR2E3;SPA17
LIHC,3,CV-Cox-Lasso,0.07913930849355136,286,96,25,1163;149;6900;3757;2725;2875;6066;6417;6705;3524;4595;7944;6768;6547;6101;5608;1374;7824;4869;3147,CBX2;ADAMTS5;SOCS2;INPP4B;FFAR3;FTCD;RETN;SEC31B;SLC2A1;HOXD10;MGMT;WNT1;SLC4A10;SHISA9;RGS20;PNLIPRP2;CDCA8;UNC80;NBPF4;GPC1
LIHC,3,CV-Cox-EN,0.15827861698710272,286,96,31,1163;149;6900;2725;2875;3757;6417;6705;6066;4595;7944;3524;6768;6547;1374;6101;2404;5608;3147;4869,CBX2;ADAMTS5;SOCS2;FFAR3;FTCD;INPP4B;SEC31B;SLC2A1;RETN;MGMT;WNT1;HOXD10;SLC4A10;SHISA9;CDCA8;RGS20;EPO;PNLIPRP2;GPC1;NBPF4
LIHC,4,CV-Cox-Lasso,0.07913930849355136,286,101,36,7077;3757;5639;1163;5587;1135;2805;4255;4869;6327;1374;2854;915;5899;6986;8176;149;5926;6712;6618,STK32B;INPP4B;POU2F1;CBX2;PLOD2;CASP12;FMO9P;LIMS2;NBPF4;SAMD13;CDCA8;FRMD1;C1orf227;PZP;SPP1;ZNF582;ADAMTS5;RAB3C;SLC2A4;SLC16A11
LIHC,4,CV-Cox-EN,0.15827861698710272,286,101,46,7077;3757;1163;5639;5587;2805;1135;4255;4869;6986;2854;6327;5899;1374;915;149;8176;6310;2725;6712,STK32B;INPP4B;CBX2;POU2F1;PLOD2;FMO9P;CASP12;LIMS2;NBPF4;SPP1;FRMD1;SAMD13;PZP;CDCA8;C1orf227;ADAMTS5;ZNF582;S100A9;FFAR3;SLC2A4
LIHC,5,CV-Cox-Lasso,0.07913930849355136,286,104,33,3757;1163;7703;3524;6986;1035;6618;1508;6900;745;7422;6066;1377;6937;1374;5378;6705;2875;2805;6374,INPP4B;CBX2;TTC26;HOXD10;SPP1;C9orf163;SLC16A11;CHODL;SOCS2;BOP1;TMEM179;RETN;CDH10;SPA17;CDCA8;PDE6C;SLC2A1;FTCD;FMO9P;SCN2B
LIHC,5,CV-Cox-EN,0.15827861698710272,286,104,42,3757;1163;7703;6986;1035;6900;1508;745;3524;6618;1374;6066;6937;6705;7422;1377;2404;5378;2805;2875,INPP4B;CBX2;TTC26;SPP1;C9orf163;SOCS2;CHODL;BOP1;HOXD10;SLC16A11;CDCA8;RETN;SPA17;SLC2A1;TMEM179;CDH10;EPO;PDE6C;FMO9P;FTCD
LIHC,6,CV-Cox-Lasso,0.07913930849355136,286,104,42,6554;6900;1163;6310;5627;3524;3757;6618;4595;4600;149;5899;6374;2854;6120;2725;4914;7238;3228;6066,SIDT1;SOCS2;CBX2;S100A9;POLR3G;HOXD10;INPP4B;SLC16A11;MGMT;MIAT;ADAMTS5;PZP;SCN2B;FRMD1;RHEBL1;FFAR3;NEIL3;TCP10L;GPX7;RETN
LIHC,6,CV-Cox-EN,0.15827861698710272,286,104,51,6554;6900;6310;1163;5627;3757;6618;3524;5899;2854;7238;4595;149;2725;6374;4600;6120;4096;4914;6066,SIDT1;SOCS2;S100A9;CBX2;POLR3G;INPP4B;SLC16A11;HOXD10;PZP;FRMD1;TCP10L;MGMT;ADAMTS5;FFAR3;SCN2B;MIAT;RHEBL1;KLRK1;NEIL3;RETN
LIHC,7,CV-Cox-Lasso,0.07913930849355136,286,101,37,3757;2805;149;3524;986;6101;8176;7077;745;6900;1374;6386;7591;5376;6618;915;4869;1482;2725;5598,INPP4B;FMO9P;ADAMTS5;HOXD10;C5orf27;RGS20;ZNF582;STK32B;BOP1;SOCS2;CDCA8;SCNN1G;TREM1;PDE6A;SLC16A11;C1orf227;NBPF4;CGNL1;FFAR3;PM20D1
LIHC,7,CV-Cox-EN,0.15827861698710272,286,101,43,3757;2805;986;8176;6101;149;6900;7591;3524;7077;1374;5376;745;6386;2725;1482;6618;4869;5598;6503,INPP4B;FMO9P;C5orf27;ZNF582;RGS20;ADAMTS5;SOCS2;TREM1;HOXD10;STK32B;CDCA8;PDE6A;BOP1;SCNN1G;FFAR3;CGNL1;SLC16A11;NBPF4;PM20D1;SGCZ
LIHC,8,CV-Cox-Lasso,0.07913930849355136,286,98,29,6120;1163;6900;6618;4600;149;2875;7944;5378;5630;2725;7640;351;6310;1638;2854;86;2536;1364;2805,RHEBL1;CBX2;SOCS2;SLC16A11;MIAT;ADAMTS5;FTCD;WNT1;PDE6C;PON1;FFAR3;TRNP1;ANKRD13B;S100A9;CMYA5;FRMD1;ACOXL;FAM161A;CDC42EP2;FMO9P
LIHC,8,CV-Cox-EN,0.15827861698710272,286,98,36,6120;1163;6900;2875;6618;149;7944;5378;4600;5630;2725;7640;6310;2854;351;2536;1638;2805;86;2359,RHEBL1;CBX2;SOCS2;FTCD;SLC16A11;ADAMTS5;WNT1;PDE6C;MIAT;PON1;FFAR3;TRNP1;S100A9;FRMD1;ANKRD13B;FAM161A;CMYA5;FMO9P;ACOXL;ENO1
LIHC,9,CV-Cox-Lasso,0.07913930849355136,286,96,34,1035;2854;6900;3479;5627;3757;86;5899;149;4255;1267;6500;1163;1482;7824;6937;3022;792;4494;2725,C9orf163;FRMD1;SOCS2;HMMR;POLR3G;INPP4B;ACOXL;PZP;ADAMTS5;LIMS2;CCNJL;SGCB;CBX2;CGNL1;UNC80;SPA17;GGN;C10orf91;MARCKSL1;FFAR3
LIHC,9,CV-Cox-EN,0.15827861698710272,286,96,41,1035;2854;6900;3479;5627;3757;86;5899;149;4255;1267;1163;6937;1482;6500;7824;792;4494;3022;1549,C9orf163;FRMD1;SOCS2;HMMR;POLR3G;INPP4B;ACOXL;PZP;ADAMTS5;LIMS2;CCNJL;CBX2;SPA17;CGNL1;SGCB;UNC80;C10orf91;MARCKSL1;GGN;CISH
LIHC,10,CV-Cox-Lasso,0.07913930849355136,286,104,35,149;3757;4600;6900;3530;6705;1163;6066;1374;5587;6101;4869;2875;1035;4874;1508;6374;4240;5378;2725,ADAMTS5;INPP4B;MIAT;SOCS2;HOXD9;SLC2A1;CBX2;RETN;CDCA8;PLOD2;RGS20;NBPF4;FTCD;C9orf163;NCAN;CHODL;SCN2B;LILRA3;PDE6C;FFAR3
LIHC,10,CV-Cox-EN,0.15827861698710272,286,104,50,6900;149;1163;3530;6705;3757;5587;6066;4600;4869;1374;6101;2875;1035;1508;4874;2725;2854;5378;861,SOCS2;ADAMTS5;CBX2;HOXD9;SLC2A1;INPP4B;PLOD2;RETN;MIAT;NBPF4;CDCA8;RGS20;FTCD;C9orf163;CHODL;NCAN;FFAR3;FRMD1;PDE6C;C19orf26
LIHC,11,CV-Cox-Lasso,0.07913930849355136,286,105,37,6900;1374;915;7077;3827;6937;6303;6618;3530;3757;149;986;1035;4595;5608;6500;745;3138;1163;8275,SOCS2;CDCA8;C1orf227;STK32B;ITGB7;SPA17;S100A16;SLC16A11;HOXD9;INPP4B;ADAMTS5;C5orf27;C9orf163;MGMT;PNLIPRP2;SGCB;BOP1;GOT2;CBX2;ZSCAN1
LIHC,11,CV-Cox-EN,0.15827861698710272,286,105,48,6900;1374;915;7077;986;3827;6618;149;6937;3530;6303;3757;1035;3138;5608;1163;6500;4595;8275;745,SOCS2;CDCA8;C1orf227;STK32B;C5orf27;ITGB7;SLC16A11;ADAMTS5;SPA17;HOXD9;S100A16;INPP4B;C9orf163;GOT2;PNLIPRP2;CBX2;SGCB;MGMT;ZSCAN1;BOP1
LIHC,12,CV-Cox-Lasso,0.07913930849355136,286,103,41,1163;5816;3524;3479;3757;1135;2404;7077;149;6900;7069;4987;3102;5708;5608;2247;5376;6705;3530;6369,CBX2;PSRC1;HOXD10;HMMR;INPP4B;CASP12;EPO;STK32B;ADAMTS5;SOCS2;STC2;NMNAT3;GNA14;PRDM12;PNLIPRP2;E2F5;PDE6A;SLC2A1;HOXD9;SCML4
LIHC,12,CV-Cox-EN,0.15827861698710272,286,103,46,1163;5816;3524;3479;3757;2404;1135;6900;7077;3102;149;7069;1374;3530;4987;6705;5376;5608;2247;5708,CBX2;PSRC1;HOXD10;HMMR;INPP4B;EPO;CASP12;SOCS2;STK32B;GNA14;ADAMTS5;STC2;CDCA8;HOXD9;NMNAT3;SLC2A1;PDE6A;PNLIPRP2;E2F5;PRDM12
LIHC,13,CV-Cox-Lasso,0.07913930849355136,286,100,32,1374;6374;2404;5899;6900;3189;3827;5376;7077;4304;1163;4776;3757;5053;1549;3530;6246;4240;5378;1007,CDCA8;SCN2B;EPO;PZP;SOCS2;GPR18;ITGB7;PDE6A;STK32B;LPCAT1;CBX2;MYF6;INPP4B;NR2E3;CISH;HOXD9;RPS27;LILRA3;PDE6C;C6orf52
LIHC,13,CV-Cox-EN,0.15827861698710272,286,100,45,1374;6374;5899;2404;6900;3827;5376;7077;3189;1163;4304;3757;3530;5053;1549;4776;7591;5378;6246;3972,CDCA8;SCN2B;PZP;EPO;SOCS2;ITGB7;PDE6A;STK32B;GPR18;CBX2;LPCAT1;INPP4B;HOXD9;NR2E3;CISH;MYF6;TREM1;PDE6C;RPS27;KHDRBS3
LIHC,14,CV-Cox-Lasso,0.07913930849355136,286,103,34,679;6796;5296;6900;6310;4600;1163;7077;1508;4475;6937;4869;2247;6327;56;5627;4959;149;351;4631,BCL11B;SLC6A3;PBK;SOCS2;S100A9;MIAT;CBX2;STK32B;CHODL;MAP7;SPA17;NBPF4;E2F5;SAMD13;ABLIM3;POLR3G;NKAIN1;ADAMTS5;ANKRD13B;MMP1
LIHC,14,CV-Cox-EN,0.15827861698710272,286,103,51,679;6796;5296;6900;4600;7077;1163;1508;6310;5627;4475;6937;4869;4959;149;4631;3711;6327;3757;56,BCL11B;SLC6A3;PBK;SOCS2;MIAT;STK32B;CBX2;CHODL;S100A9;POLR3G;MAP7;SPA17;NBPF4;NKAIN1;ADAMTS5;MMP1;IL18RAP;SAMD13;INPP4B;ABLIM3
LIHC,15,CV-Cox-Lasso,0.07913930849355136,286,101,31,6900;4255;6937;1163;1135;1374;7077;6374;6618;5926;915;4600;4631;4869;4970;2539;6310;149;7370;5627,SOCS2;LIMS2;SPA17;CBX2;CASP12;CDCA8;STK32B;SCN2B;SLC16A11;RAB3C;C1orf227;MIAT;MMP1;NBPF4;NLRC3;FAM163A;S100A9;ADAMTS5;TMC3;POLR3G
LIHC,15,CV-Cox-EN,0.15827861698710272,286,101,38,6900;4255;6937;1163;1135;1374;6618;4631;6374;4869;915;7077;5926;2539;6310;149;5627;5376;4600;4970,SOCS2;LIMS2;SPA17;CBX2;CASP12;CDCA8;SLC16A11;MMP1;SCN2B;NBPF4;C1orf227;STK32B;RAB3C;FAM163A;S100A9;ADAMTS5;POLR3G;PDE6A;MIAT;NLRC3
LIHC,16,CV-Cox-Lasso,0.07913930849355136,286,101,33,6900;7077;1163;3757;2805;935;1374;180;149;6972;4170;651;6547;4255;5899;6500;4600;3022;745;6327,SOCS2;STK32B;CBX2;INPP4B;FMO9P;C21orf90;CDCA8;ADH4;ADAMTS5;SPINK5;LCAT;BAIAP2;SHISA9;LIMS2;PZP;SGCB;MIAT;GGN;BOP1;SAMD13
LIHC,16,CV-Cox-EN,0.15827861698710272,286,101,40,6900;7077;1163;1374;2805;3757;935;180;149;4170;4255;6972;651;6327;6547;5899;4600;6500;745;6986,SOCS2;STK32B;CBX2;CDCA8;FMO9P;INPP4B;C21orf90;ADH4;ADAMTS5;LCAT;LIMS2;SPINK5;BAIAP2;SAMD13;SHISA9;PZP;MIAT;SGCB;BOP1;SPP1
LIHC,17,CV-Cox-Lasso,0.07913930849355136,286,102,38,1035;1163;2725;3757;1374;6375;5376;149;4170;6705;4869;1425;516;2009;2130;4487;6101;3530;651;986,C9orf163;CBX2;FFAR3;INPP4B;CDCA8;SCN3A;PDE6A;ADAMTS5;LCAT;SLC2A1;NBPF4;CDX2;ARRDC3;DDTL;DNAJB4;MAPT;RGS20;HOXD9;BAIAP2;C5orf27
LIHC,17,CV-Cox-EN,0.15827861698710272,286,102,49,1035;1163;2725;1374;3757;5376;6375;149;4170;6705;4869;1425;516;2009;651;4487;3530;260;2130;6101,C9orf163;CBX2;FFAR3;CDCA8;INPP4B;PDE6A;SCN3A;ADAMTS5;LCAT;SLC2A1;NBPF4;CDX2;ARRDC3;DDTL;BAIAP2;MAPT;HOXD9;AKR1B15;DNAJB4;RGS20
LIHC,18,CV-Cox-Lasso,0.07913930849355136,286,100,45,6066;1035;3757;2725;6900;6919;1163;5816;1374;5899;2868;5376;6374;915;986;1482;5756;6414;6310;6937,RETN;C9orf163;INPP4B;FFAR3;SOCS2;SOX11;CBX2;PSRC1;CDCA8;PZP;FSD1L;PDE6A;SCN2B;C1orf227;C5orf27;CGNL1;PROKR1;SEC14L5;S100A9;SPA17
LIHC,18,CV-Cox-EN,0.15827861698710272,286,100,53,6066;6900;2725;1035;3757;5816;6919;1374;1163;5376;5899;2868;986;1482;915;2404;6374;2805;7065;6414,RETN;SOCS2;FFAR3;C9orf163;INPP4B;PSRC1;SOX11;CDCA8;CBX2;PDE6A;PZP;FSD1L;C5orf27;CGNL1;C1orf227;EPO;SCN2B;FMO9P;STARD5;SEC14L5
LIHC,19,CV-Cox-Lasso,0.07913930849355136,286,102,40,4869;3757;3102;2725;5587;6644;5630;2047;4600;1163;7703;6500;757;5708;3138;5627;1035;6937;3524;2716,NBPF4;INPP4B;GNA14;FFAR3;PLOD2;SLC1A5;PON1;DHDH;MIAT;CBX2;TTC26;SGCB;BST1;PRDM12;GOT2;POLR3G;C9orf163;SPA17;HOXD10;FER1L5
LIHC,19,CV-Cox-EN,0.15827861698710272,286,102,53,4869;3757;5587;2725;2047;3102;6644;1163;4600;7703;3524;3138;757;5630;5627;1035;6937;6500;5708;2716,NBPF4;INPP4B;PLOD2;FFAR3;DHDH;GNA14;SLC1A5;CBX2;MIAT;TTC26;HOXD10;GOT2;BST1;PON1;POLR3G;C9orf163;SPA17;SGCB;PRDM12;FER1L5
LIHC,20,CV-Cox-Lasso,0.07913930849355136,286,104,47,4595;4600;149;1163;1374;3757;4839;3530;2084;1482;4869;5914;6585;4648;743;6120;745;2536;6500;4089,MGMT;MIAT;ADAMTS5;CBX2;CDCA8;INPP4B;NAALADL2;HOXD9;DLEC1;CGNL1;NBPF4;RAB26;SKAP1;MMRN1;BOC;RHEBL1;BOP1;FAM161A;SGCB;KLRB1
LIHC,20,CV-Cox-EN,0.15827861698710272,286,104,61,4595;149;4600;1163;1374;4839;2084;4089;3530;6500;4869;3757;5914;1482;6120;6585;743;4648;2536;2137,MGMT;ADAMTS5;MIAT;CBX2;CDCA8;NAALADL2;DLEC1;KLRB1;HOXD9;SGCB;NBPF4;INPP4B;RAB26;CGNL1;RHEBL1;SKAP1;BOC;MMRN1;FAM161A;DNAJC6
LIHC,21,CV-Cox-Lasso,0.07913930849355136,286,101,34,6900;3139;4869;6368;4255;915;5926;3757;4595;1163;2666;1374;4839;743;6066;297;3521;1614;6417;6919,SOCS2;GP1BA;NBPF4;SCIN;LIMS2;C1orf227;RAB3C;INPP4B;MGMT;CBX2;FBXL21;CDCA8;NAALADL2;BOC;RETN;ALLC;HOXC8;CLLU1;SEC31B;SOX11
LIHC,21,CV-Cox-EN,0.15827861698710272,286,101,43,4869;4255;3139;6900;6368;5926;915;4595;1374;1163;3757;2666;4839;743;6066;297;3521;6417;1614;7370,NBPF4;LIMS2;GP1BA;SOCS2;SCIN;RAB3C;C1orf227;MGMT;CDCA8;CBX2;INPP4B;FBXL21;NAALADL2;BOC;RETN;ALLC;HOXC8;SEC31B;CLLU1;TMC3
LIHC,22,CV-Cox-Lasso,0.07913930849355136,286,106,38,6900;3757;6937;149;1035;4595;1163;2903;7433;4600;2725;308;6705;2875;6327;1347;4257;3524;2805;7944,SOCS2;INPP4B;SPA17;ADAMTS5;C9orf163;MGMT;CBX2;FZD7;TMEM217;MIAT;FFAR3;ALPK3;SLC2A1;FTCD;SAMD13;CD8A;LIN52;HOXD10;FMO9P;WNT1
LIHC,22,CV-Cox-EN,0.15827861698710272,286,106,52,6900;3757;6937;149;1163;1035;4595;4600;7433;2875;2903;6327;1347;2725;308;6705;1374;7502;2805;7944,SOCS2;INPP4B;SPA17;ADAMTS5;CBX2;C9orf163;MGMT;MIAT;TMEM217;FTCD;FZD7;SAMD13;CD8A;FFAR3;ALPK3;SLC2A1;CDCA8;TNFRSF13C;FMO9P;WNT1
LIHC,23,CV-Cox-Lasso,0.07913930849355136,286,96,42,3530;7944;2875;1902;1374;4869;2725;4595;2404;6900;149;6104;3757;2946;2768;3827;1508;6066;5926;2900,HOXD9;WNT1;FTCD;CYP19A1;CDCA8;NBPF4;FFAR3;MGMT;EPO;SOCS2;ADAMTS5;RGS6;INPP4B;GALP;FIBCD1;ITGB7;CHODL;RETN;RAB3C;FZD3
LIHC,23,CV-Cox-EN,0.15827861698710272,286,96,56,3530;2875;7944;4869;2725;2404;1374;1902;4595;6900;149;3827;1508;5296;2768;3757;6104;5926;5472;2946,HOXD9;FTCD;WNT1;NBPF4;FFAR3;EPO;CDCA8;CYP19A1;MGMT;SOCS2;ADAMTS5;ITGB7;CHODL;PBK;FIBCD1;INPP4B;RGS6;RAB3C;PIGL;GALP
LIHC,24,CV-Cox-Lasso,0.07913930849355136,286,103,36,6900;7077;2875;3757;4223;1482;2805;915;6066;1035;260;1909;5627;6618;6327;651;5296;3138;6414;1614,SOCS2;STK32B;FTCD;INPP4B;LGSN;CGNL1;FMO9P;C1orf227;RETN;C9orf163;AKR1B15;CYP26B1;POLR3G;SLC16A11;SAMD13;BAIAP2;PBK;GOT2;SEC14L5;CLLU1
LIHC,24,CV-Cox-EN,0.15827861698710272,286,103,41,6900;7077;2875;4223;3757;1482;2805;915;1035;260;6066;1909;5627;6327;3138;651;6618;5296;1267;1549,SOCS2;STK32B;FTCD;LGSN;INPP4B;CGNL1;FMO9P;C1orf227;C9orf163;AKR1B15;RETN;CYP26B1;POLR3G;SAMD13;GOT2;BAIAP2;SLC16A11;PBK;CCNJL;CISH
LIHC,25,CV-Cox-Lasso,0.07913930849355136,286,107,41,2716;2404;915;1163;6712;1035;3189;6768;3860;5376;2875;3530;5627;6900;6618;986;6644;149;4223;4304,FER1L5;EPO;C1orf227;CBX2;SLC2A4;C9orf163;GPR18;SLC4A10;JPH3;PDE6A;FTCD;HOXD9;POLR3G;SOCS2;SLC16A11;C5orf27;SLC1A5;ADAMTS5;LGSN;LPCAT1
LIHC,25,CV-Cox-EN,0.15827861698710272,286,107,53,2716;2404;1163;915;6712;6768;1035;5376;3860;6618;3189;2875;3530;986;6900;5627;4304;149;4223;6644,FER1L5;EPO;CBX2;C1orf227;SLC2A4;SLC4A10;C9orf163;PDE6A;JPH3;SLC16A11;GPR18;FTCD;HOXD9;C5orf27;SOCS2;POLR3G;LPCAT1;ADAMTS5;LGSN;SLC1A5
LIHC,26,CV-Cox-Lasso,0.07913930849355136,286,104,37,149;3757;1163;4304;1035;3949;6423;6900;7703;2024;2404;3524;4487;4914;5378;2137;2805;5899;7976;6503,ADAMTS5;INPP4B;CBX2;LPCAT1;C9orf163;KCNS1;SELL;SOCS2;TTC26;DENND1C;EPO;HOXD10;MAPT;NEIL3;PDE6C;DNAJC6;FMO9P;PZP;XIRP2;SGCZ
LIHC,26,CV-Cox-EN,0.15827861698710272,286,104,46,149;1163;3757;4304;1035;6900;7703;2024;6423;2404;3949;2137;4914;4487;3524;5378;2805;6503;7077;6374,ADAMTS5;CBX2;INPP4B;LPCAT1;C9orf163;SOCS2;TTC26;DENND1C;SELL;EPO;KCNS1;DNAJC6;NEIL3;MAPT;HOXD10;PDE6C;FMO9P;SGCZ;STK32B;SCN2B
LIHC,27,CV-Cox-Lasso,0.07913930849355136,286,98,33,3757;6644;149;6900;1163;6500;5899;6101;3530;4600;6386;3138;5816;6618;2768;3317;4089;3926;3189;1035,INPP4B;SLC1A5;ADAMTS5;SOCS2;CBX2;SGCB;PZP;RGS20;HOXD9;MIAT;SCNN1G;GOT2;PSRC1;SLC16A11;FIBCD1;GZMH;KLRB1;KCNK15;GPR18;C9orf163
LIHC,27,CV-Cox-EN,0.15827861698710272,286,98,47,6644;3757;149;6900;1163;6500;5899;3138;6101;3317;3189;4600;3530;5816;6618;6386;4089;2768;3926;1035,SLC1A5;INPP4B;ADAMTS5;SOCS2;CBX2;SGCB;PZP;GOT2;RGS20;GZMH;GPR18;MIAT;HOXD9;PSRC1;SLC16A11;SCNN1G;KLRB1;FIBCD1;KCNK15;C9orf163
LIHC,28,CV-Cox-Lasso,0.07913930849355136,286,111,45,3757;6986;1374;5816;1035;2875;6972;3530;5627;2725;6066;4089;1508;6618;5376;6900;2716;5928;1522;4839,INPP4B;SPP1;CDCA8;PSRC1;C9orf163;FTCD;SPINK5;HOXD9;POLR3G;FFAR3;RETN;KLRB1;CHODL;SLC16A11;PDE6A;SOCS2;FER1L5;RAB3IL1;CHRNA5;NAALADL2
LIHC,28,CV-Cox-EN,0.15827861698710272,286,111,54,6986;3757;5816;1035;1374;6972;2875;3530;5627;2725;1508;6066;5376;6900;6618;4839;1522;4089;4054;2716,SPP1;INPP4B;PSRC1;C9orf163;CDCA8;SPINK5;FTCD;HOXD9;POLR3G;FFAR3;CHODL;RETN;PDE6A;SOCS2;SLC16A11;NAALADL2;CHRNA5;KLRB1;KLF2;FER1L5
LIHC,29,CV-Cox-Lasso,0.07913930849355136,286,103,37,986;3827;1163;2404;4631;516;7621;1267;1374;2875;5053;6900;6327;3189;5708;5339;7077;7701;149;5376,C5orf27;ITGB7;CBX2;EPO;MMP1;ARRDC3;TRIM54;CCNJL;CDCA8;FTCD;NR2E3;SOCS2;SAMD13;GPR18;PRDM12;PCDHGA5;STK32B;TTC24;ADAMTS5;PDE6A
LIHC,29,CV-Cox-EN,0.15827861698710272,286,103,52,986;1163;3827;4631;2404;516;1374;7621;6900;5053;2875;1267;3189;6327;149;7077;5708;5376;7701;6374,C5orf27;CBX2;ITGB7;MMP1;EPO;ARRDC3;CDCA8;TRIM54;SOCS2;NR2E3;FTCD;CCNJL;GPR18;SAMD13;ADAMTS5;STK32B;PRDM12;PDE6A;TTC24;SCN2B
LIHC,30,CV-Cox-Lasso,0.07913930849355136,286,94,39,5378;2875;3757;2130;1374;6310;2716;6900;2536;1522;6500;6554;3138;6644;3022;2854;70;3742;5053;5816,PDE6C;FTCD;INPP4B;DNAJB4;CDCA8;S100A9;FER1L5;SOCS2;FAM161A;CHRNA5;SGCB;SIDT1;GOT2;SLC1A5;GGN;FRMD1;ACAT1;IL8;NR2E3;PSRC1
LIHC,30,CV-Cox-EN,0.15827861698710272,286,94,46,5378;2875;3757;6900;2130;2536;2716;6500;1522;1374;6310;6554;3138;5816;6644;2854;3742;70;7591;5053,PDE6C;FTCD;INPP4B;SOCS2;DNAJB4;FAM161A;FER1L5;SGCB;CHRNA5;CDCA8;S100A9;SIDT1;GOT2;PSRC1;SLC1A5;FRMD1;IL8;ACAT1;TREM1;NR2E3
